EcoTaxa_hierarchy,Full_hierarchy,Rank,Type,Domain,Phylum,Class,Order,Family,Genus,Functional_group,WORMS_ID,Reference,Citation
Amoeba,Protozoa(Kingdom)>Sarcomastigota(Subkingdom)>Amoebozoa(Phylum)>Lobosa(Subphylum)>Tubulinea(Class)>Euamoebida(Order)>Amoebidae(Family)>Amoeba(Genus),Genus,Living,Protozoa,Amoebozoa,Tubulinea,Euamoebida,Amoebidae,Amoeba,,urn:lsid:marinespecies.org:taxname:605376,,"Guiry,M.D.&Guiry,G.M.(2025).AlgaeBase.World-wideelectronicpublication,NationalUniversityofIreland,Galway(taxonomicinformationrepublishedfromAlgaeBasewithpermissionofM.D.Guiry).AmoebaBory,1822.Accessedthrough:WorldRegisterofMarineSpeciesat:https://www.marinespecies.org/aphia.php?p=taxdetails&id=605376on2025-06-27"
Amphidinium operculatum<Amphidinium<Gymnodiniaceae<62,Chromista(Kingdom)>Harosa(Subkingdom)>Alveolata(Infrakingdom)>Myzozoa(Phylum)>Dinozoa(Subphylum)>Dinoflagellata(Infraphylum)>Dinophyceae(Class)>Gymnodiniales(Order)>Gymnodiniaceae(Family)>Gymnodinium(Genus)>Gymnodinium aeschrum(Species),Species,Living,Chromista,Myzozoa,Dinophyceae,Gymnodiniales,Gymnodiniaceae,Gymnodinium,,urn:lsid:marinespecies.org:taxname:1379876,"Guiry, M.D. & Guiry, G.M. (2025). AlgaeBase. <em>World-wide electronic publication, National University of Ireland, Galway.</em> searched on YYYY-MM-DD.","Guiry,M.D.&Guiry,G.M.(2025).AlgaeBase.World-wideelectronicpublication,NationalUniversityofIreland,Galway(taxonomicinformationrepublishedfromAlgaeBasewithpermissionofM.D.Guiry).Gymnodiniumaeschrum(T.H.Harris)Moestrup.Accessedthrough:WorldRegisterofMarineSpeciesat:https://www.marinespecies.org/aphia.php?p=taxdetails&id=1379876on2025-03-17"
Anabaena,Bacteria(Kingdom)>Negibacteria(Subkingdom)>Cyanobacteria(Phylum)>Cyanophyceae(Class)>Nostocophycidae(Subclass)>Nostocales(Order)>Aphanizomenonaceae(Family)>Anabaena(Genus)>Anabaena aequalis(Species),Species,Living,Bacteria,Cyanobacteria,Cyanophyceae,Nostocales,Aphanizomenonaceae,Anabaena,,urn:lsid:marinespecies.org:taxname:177628,"Hällfors, G. (2004). Checklist of Baltic Sea Phytoplankton Species (including some heterotrophic protistan groups). <em>Baltic Sea Environment Proceedings.</em> No. 95: 210 pp.","Guiry,M.D.&Guiry,G.M.(2025).AlgaeBase.World-wideelectronicpublication,NationalUniversityofIreland,Galway(taxonomicinformationrepublishedfromAlgaeBasewithpermissionofM.D.Guiry).AnabaenaaequalisO.Borge,1906.Accessedthrough:WorldRegisterofMarineSpeciesat:https://www.marinespecies.org/aphia.php?p=taxdetails&id=177628on2025-03-17"
Ankistrodesmus,Plantae(Kingdom)>Viridiplantae(Subkingdom)>Chlorophyta(Phylum (Division))>Chlorophytina(Subphylum (Subdivision))>Chlorophyceae(Class)>Sphaeropleales(Order)>Selenastraceae(Family)>Ankistrodesmus(Genus),Genus,Living,Plantae,,Chlorophyceae,Sphaeropleales,Selenastraceae,Ankistrodesmus,,urn:lsid:marinespecies.org:taxname:163489,"Guiry, M.D. & Guiry, G.M. (2025). AlgaeBase. <em>World-wide electronic publication, National University of Ireland, Galway.</em> searched on YYYY-MM-DD.","Guiry,M.D.&Guiry,G.M.(2025).AlgaeBase.World-wideelectronicpublication,NationalUniversityofIreland,Galway(taxonomicinformationrepublishedfromAlgaeBasewithpermissionofM.D.Guiry).AnkistrodesmusCorda,1838.Accessedthrough:WorldRegisterofMarineSpeciesat:https://www.marinespecies.org/aphia.php?p=taxdetails&id=163489on2025-06-26"
Ankyra,Plantae(Kingdom)>Viridiplantae(Subkingdom)>Chlorophyta(Phylum (Division))>Chlorophytina(Subphylum (Subdivision))>Chlorophyceae(Class)>Sphaeropleales(Order)>Sphaeropleaceae(Family)>Ankyra(Genus),Genus,Living,Plantae,,Chlorophyceae,Sphaeropleales,Sphaeropleaceae,Ankyra,,urn:lsid:marinespecies.org:taxname:572079,"Guiry, M.D. & Guiry, G.M. (2025). AlgaeBase. <em>World-wide electronic publication, National University of Ireland, Galway.</em> searched on YYYY-MM-DD.","Guiry,M.D.&Guiry,G.M.(2025).AlgaeBase.World-wideelectronicpublication,NationalUniversityofIreland,Galway(taxonomicinformationrepublishedfromAlgaeBasewithpermissionofM.D.Guiry).AnkyraFott,1957.Accessedthrough:WorldRegisterofMarineSpeciesat:https://www.marinespecies.org/aphia.php?p=taxdetails&id=572079on2025-06-26"
Ankyra judayi,Plantae(Kingdom)>Viridiplantae(Subkingdom)>Chlorophyta(Phylum (Division))>Chlorophytina(Subphylum (Subdivision))>Chlorophyceae(Class)>Sphaeropleales(Order)>Sphaeropleaceae(Family)>Ankyra(Genus)>Ankyra judayi(Species),Species,Living,Plantae,,Chlorophyceae,Sphaeropleales,Sphaeropleaceae,Ankyra,,urn:lsid:marinespecies.org:taxname:572080,"Guiry, M.D. & Guiry, G.M. (2025). AlgaeBase. <em>World-wide electronic publication, National University of Ireland, Galway.</em> searched on YYYY-MM-DD.","Guiry,M.D.&Guiry,G.M.(2025).AlgaeBase.World-wideelectronicpublication,NationalUniversityofIreland,Galway(taxonomicinformationrepublishedfromAlgaeBasewithpermissionofM.D.Guiry).Ankyrajudayi(G.M.Smith)Fott,1957.Accessedthrough:WorldRegisterofMarineSpeciesat:https://www.marinespecies.org/aphia.php?p=taxdetails&id=572080on2025-03-17"
Annelida,Animalia(Kingdom)>Annelida(Phylum),Phylum,Living,Animalia,Annelida,,,,,,urn:lsid:marinespecies.org:taxname:882,"Lamarck, J.-B. de. (1802 [privately published, reprinted 1906]). Discours d'Ouverture, Prononcé le 27 floréal An 10, au Muséum dHistoire naturelle. Recherches sur l'organisation des corps vivans. <em>[reprint 1906] Bulletin Scientifique de la France et de la Belgique.</em> (5th series) 40: 483-517   [Les Annelides p. 494].",WoRMS(2025).Annelida.Accessedat:https://www.marinespecies.org/aphia.php?p=taxdetails&id=882on2025-06-26
Aphanizomenon,Bacteria(Kingdom)>Negibacteria(Subkingdom)>Cyanobacteria(Phylum)>Cyanophyceae(Class)>Nostocophycidae(Subclass)>Nostocales(Order)>Aphanizomenonaceae(Family)>Aphanizomenon(Genus)>Aphanizomenon flos-aquae(Species),Species,Living,Bacteria,Cyanobacteria,Cyanophyceae,Nostocales,Aphanizomenonaceae,Aphanizomenon,,urn:lsid:marinespecies.org:taxname:248099,"Guiry, M.D. & Guiry, G.M. (2025). AlgaeBase. <em>World-wide electronic publication, National University of Ireland, Galway.</em> searched on YYYY-MM-DD.","Guiry,M.D.&Guiry,G.M.(2025).AlgaeBase.World-wideelectronicpublication,NationalUniversityofIreland,Galway(taxonomicinformationrepublishedfromAlgaeBasewithpermissionofM.D.Guiry).Aphanizomenonflos-aquaeRalfsexBornet&Flahault,1886.Accessedthrough:WorldRegisterofMarineSpeciesat:https://www.marinespecies.org/aphia.php?p=taxdetails&id=248099on2025-03-17"
Aphanocapsa,Bacteria(Kingdom)>Negibacteria(Subkingdom)>Cyanobacteria(Phylum)>Cyanophyceae(Class)>Oscillatoriophycidae(Subclass)>Chroococcales(Order)>Microcystaceae(Family)>Aphanocapsa(Genus)>Aphanocapsa annulata(Species),Species,Living,Bacteria,Cyanobacteria,Cyanophyceae,Chroococcales,Microcystaceae,Aphanocapsa,,urn:lsid:marinespecies.org:taxname:624991,"McGregor, G. B., Fabbro, L. D., & Lobegeiger, J. S. (2007). Freshwater planktic Chroococcales (Cyanoprokaryota) from north-eastern Australia: a morphological evaluation. <em>Nova Hedwigia.</em> 84(3-4): 299-331.","Guiry,M.D.&Guiry,G.M.(2025).AlgaeBase.World-wideelectronicpublication,NationalUniversityofIreland,Galway(taxonomicinformationrepublishedfromAlgaeBasewithpermissionofM.D.Guiry).AphanocapsaannulataG.B.McGregor,2007.Accessedthrough:WorldRegisterofMarineSpeciesat:https://www.marinespecies.org/aphia.php?p=taxdetails&id=624991on2025-03-17"
Aphanothece,Bacteria(Kingdom)>Negibacteria(Subkingdom)>Cyanobacteria(Phylum)>Cyanophyceae(Class)>Oscillatoriophycidae(Subclass)>Chroococcales(Order)>Microcystaceae(Family)>Aphanothece(Genus)>Aphanothece atrocrustacea(Species),Species,Living,Bacteria,Cyanobacteria,Cyanophyceae,Chroococcales,Microcystaceae,Aphanothece,,urn:lsid:marinespecies.org:taxname:614759,"Guiry, M.D. & Guiry, G.M. (2025). AlgaeBase. <em>World-wide electronic publication, National University of Ireland, Galway.</em> searched on YYYY-MM-DD.","Guiry,M.D.&Guiry,G.M.(2025).AlgaeBase.World-wideelectronicpublication,NationalUniversityofIreland,Galway(taxonomicinformationrepublishedfromAlgaeBasewithpermissionofM.D.Guiry).AphanotheceatrocrustaceaSkuja,1964.Accessedthrough:WorldRegisterofMarineSpeciesat:https://www.marinespecies.org/aphia.php?p=taxdetails&id=614759on2025-03-17"
Asplanchna,Animalia(Kingdom)>Rotifera(Phylum)>Eurotatoria(Class)>Monogononta(Subclass)>Pseudotrocha(Superorder)>Ploima(Order)>Asplanchnidae(Family)>Asplanchna(Genus),Genus,Living,Animalia,Rotifera,Eurotatoria,Ploima,Asplanchnidae,Asplanchna,,urn:lsid:marinespecies.org:taxname:134935,"Gosse, P. H. (1850). Description of Asplanchna priodonta, an animal of the Class Rotifera. The Annals and Magazine of Natural History, (ser. 2) 6, 18-24, pl.1-2","Segers,H.(Ed.)(2025).WorldRotiferadatabase(FADA).AsplanchnaGosse,1850.Accessedthrough:WorldRegisterofMarineSpeciesat:https://www.marinespecies.org/aphia.php?p=taxdetails&id=134935on2025-06-26"
Asterionella,Chromista(Kingdom)>Heterokontophyta(Phylum)>Bacillariophytina(Subphylum)>Bacillariophyceae(Class)>Fragilariophycidae(Subclass)>Fragilariophycanae(Superorder)>Fragilariales(Order)>Fragilariaceae(Family)>Asterionella(Genus)>Asterionella fibula(Species),Species,Living,Chromista,Heterokontophyta,Bacillariophyceae,Fragilariales,Fragilariaceae,Asterionella,,urn:lsid:marinespecies.org:taxname:700474,"Kützing, F.T. (1849). Species Algarum. F. A. Brockhaus: Lipsiae (Leipzig). VI-922 pp.","Kociolek,J.P.;Blanco,S.;Coste,M.;Ector,L.;Liu,Y.;Karthick,B.;Kulikovskiy,M.;Lundholm,N.;Ludwig,T.;Potapova,M.;Rimet,F.;Sabbe,K.;Sala,S.;Sar,E.;Taylor,J.;VandeVijver,B.;Wetzel,C.E.;Williams,D.M.;Witkowski,A.;Witkowski,J.(2025).DiatomBase.Asterionellafibula(Brébisson)Hustedt,1952.Accessedthrough:WorldRegisterofMarineSpeciesat:https://www.marinespecies.org/aphia.php?p=taxdetails&id=700474on2025-03-17"
Aulacoseira,Chromista(Kingdom)>Heterokontophyta(Phylum)>Bacillariophytina(Subphylum)>Bacillariophyceae(Class)>Coscinodiscophycidae(Subclass)>Coscinodiscanae(Superorder)>Aulacoseirales(Order)>Aulacoseiraceae(Family)>Aulacoseira(Genus),Genus,Living,Chromista,Heterokontophyta,Bacillariophyceae,Aulacoseirales,Aulacoseiraceae,Aulacoseira,,urn:lsid:marinespecies.org:taxname:148959,"Thwaites, G.H.K. (1848). Further observations on the Diatomaceae with descriptions of new genera and species. Annals and Magazine of Natural History, 2nd series,, 1: 161-172, pl. 11, 12.","Kociolek,J.P.;Blanco,S.;Coste,M.;Ector,L.;Liu,Y.;Karthick,B.;Kulikovskiy,M.;Lundholm,N.;Ludwig,T.;Potapova,M.;Rimet,F.;Sabbe,K.;Sala,S.;Sar,E.;Taylor,J.;VandeVijver,B.;Wetzel,C.E.;Williams,D.M.;Witkowski,A.;Witkowski,J.(2025).DiatomBase.AulacoseiraG.H.K.Thwaites,1848.Accessedthrough:WorldRegisterofMarineSpeciesat:https://www.marinespecies.org/aphia.php?p=taxdetails&id=148959on2025-06-26"
Bacillariophyceae,Chromista(Kingdom)>Heterokontophyta(Phylum)>Bacillariophytina(Subphylum)>Bacillariophyceae(Class),Class,Living,Chromista,Heterokontophyta,Bacillariophyceae,,,,,urn:lsid:marinespecies.org:taxname:148899,"Margulis, L.; Schwartz, K.V. (1982). Five Kingdoms : an illustrated guide to the phyla of life on earth. Second edition. Freeman.","Kociolek,J.P.;Blanco,S.;Coste,M.;Ector,L.;Liu,Y.;Karthick,B.;Kulikovskiy,M.;Lundholm,N.;Ludwig,T.;Potapova,M.;Rimet,F.;Sabbe,K.;Sala,S.;Sar,E.;Taylor,J.;VandeVijver,B.;Wetzel,C.E.;Williams,D.M.;Witkowski,A.;Witkowski,J.(2025).DiatomBase.Bacillariophyceae.Accessedthrough:WorldRegisterofMarineSpeciesat:https://www.marinespecies.org/aphia.php?p=taxdetails&id=148899on2025-06-27"
Bitrichia,Chromista(Kingdom)>Harosa(Subkingdom)>Heterokonta(Infrakingdom)>Ochrophyta(Phylum)>Chrysophyceae(Class)>Chrysosaccales(Order)>Stylococcaceae(Family)>Bitrichia(Genus)>Bitrichia amazonica(Species),Species,Living,Chromista,Ochrophyta,Chrysophyceae,Chrysosaccales,Stylococcaceae,Bitrichia,,urn:lsid:marinespecies.org:taxname:624804,"Guiry, M.D. & Guiry, G.M. (2025). AlgaeBase. <em>World-wide electronic publication, National University of Ireland, Galway.</em> searched on YYYY-MM-DD.","Guiry,M.D.&Guiry,G.M.(2024).AlgaeBase.World-wideelectronicpublication,NationalUniversityofIreland,Galway(taxonomicinformationrepublishedfromAlgaeBasewithpermissionofM.D.Guiry).BitrichiaamazonicaMenezes&Husar.Accessedthrough:WorldRegisterofMarineSpeciesat:https://www.marinespecies.org/aphia.php?p=taxdetails&id=624804on2025-03-17"
Ceratium,Chromista(Kingdom)>Harosa(Subkingdom)>Alveolata(Infrakingdom)>Myzozoa(Phylum)>Dinozoa(Subphylum)>Dinoflagellata(Infraphylum)>Dinophyceae(Class)>Peridiniphycidae(Subclass)>Gonyaulacales(Order)>Ceratiaceae(Family)>Tripos(Genus)>Tripos aequatorialis(Species),Species,Living,Chromista,Myzozoa,Dinophyceae,Gonyaulacales,Ceratiaceae,Tripos,,urn:lsid:marinespecies.org:taxname:841174,"Guiry, M.D. & Guiry, G.M. (2025). AlgaeBase. <em>World-wide electronic publication, National University of Ireland, Galway.</em> searched on YYYY-MM-DD.","Guiry,M.D.&Guiry,G.M.(2025).AlgaeBase.World-wideelectronicpublication,NationalUniversityofIreland,Galway(taxonomicinformationrepublishedfromAlgaeBasewithpermissionofM.D.Guiry).Triposaequatorialis(Schröder)F.Gómez,2013.Accessedthrough:WorldRegisterofMarineSpeciesat:https://www.marinespecies.org/aphia.php?p=taxdetails&id=841174on2025-03-17"
Chlamydomonas<Chlamydomonadales,Plantae(Kingdom)>Viridiplantae(Subkingdom)>Chlorophyta(Phylum (Division))>Chlorophytina(Subphylum (Subdivision))>Chlorophyceae(Class)>Chlamydomonadales(Order),Order,Living,Plantae,,Chlorophyceae,Chlamydomonadales,,,,urn:lsid:marinespecies.org:taxname:732333,"Ruggiero, M. A.; Gordon, D. P.; Orrell, T. M.; Bailly, N.; Bourgoin, T.; Brusca, R. C.; Cavalier-Smith, T.; Guiry, M. D.; Kirk, P. M. (2015). Correction: A Higher Level Classification of All Living Organisms. <em>PLoS ONE.</em> 10(4): e0119248.","Guiry,M.D.&Guiry,G.M.(2025).AlgaeBase.World-wideelectronicpublication,NationalUniversityofIreland,Galway(taxonomicinformationrepublishedfromAlgaeBasewithpermissionofM.D.Guiry).Chlamydomonadales.Accessedthrough:WorldRegisterofMarineSpeciesat:https://www.marinespecies.org/aphia.php?p=taxdetails&id=732333on2025-06-26"
Choanoflagellatea,Protozoa(Kingdom)>Sarcomastigota(Subkingdom)>Choanozoa(Phylum)>Choanofila(Subphylum)>Choanoflagellatea(Class),Class,Living,Protozoa,Choanozoa,Choanoflagellatea,,,,,urn:lsid:marinespecies.org:taxname:580116,"Ruggiero, M.A., D.P. Gordon, T.M. Orrell, N. Bailly, T. Bourgoin, R.C. Brusca, T. Cavalier-Smith, M.D. Guiry & P.M. Kirk. (2015). A Higher Level Classification of All Living Organisms. <em>PLOS ONE.</em> 10(4):1-60.","Guiry,M.D.&Guiry,G.M.(2025).AlgaeBase.World-wideelectronicpublication,NationalUniversityofIreland,Galway(taxonomicinformationrepublishedfromAlgaeBasewithpermissionofM.D.Guiry).Choanoflagellatea.Accessedthrough:WorldRegisterofMarineSpeciesat:https://www.marinespecies.org/aphia.php?p=taxdetails&id=580116on2025-06-27"
Chrysophyceae<Ochrophyta,Chromista(Kingdom)>Harosa(Subkingdom)>Heterokonta(Infrakingdom)>Ochrophyta(Phylum),Phylum,Living,Chromista,Ochrophyta,,,,,,urn:lsid:marinespecies.org:taxname:345465,"Fautin, Daphne G. (2013). Hexacorallians of the World. ",WoRMS(2025).Ochrophyta.Accessedat:https://www.marinespecies.org/aphia.php?p=taxdetails&id=345465on2025-06-26
Closterium,Plantae(Kingdom)>Viridiplantae(Subkingdom)>Streptophyta(Infrakingdom)>Charophyta(Phylum (Division))>Zygnematophyceae(Class)>Zygnematophycidae(Subclass)>Desmidiales(Order)>Closteriaceae(Family)>Closterium(Genus),Genus,Living,Plantae,,Zygnematophyceae,Desmidiales,Closteriaceae,Closterium,,urn:lsid:marinespecies.org:taxname:162725,"Guiry, M.D. & Guiry, G.M. (2025). AlgaeBase. <em>World-wide electronic publication, National University of Ireland, Galway.</em> searched on YYYY-MM-DD.","Guiry,M.D.&Guiry,G.M.(2025).AlgaeBase.World-wideelectronicpublication,NationalUniversityofIreland,Galway(taxonomicinformationrepublishedfromAlgaeBasewithpermissionofM.D.Guiry).ClosteriumNitzschexRalfs,1848.Accessedthrough:WorldRegisterofMarineSpeciesat:https://www.marinespecies.org/aphia.php?p=taxdetails&id=162725on2025-06-26"
Cocconeis,Chromista(Kingdom)>Heterokontophyta(Phylum)>Bacillariophytina(Subphylum)>Bacillariophyceae(Class)>Bacillariophycidae(Subclass)>Bacillariophycanae(Superorder)>Achnanthales(Order)>Cocconeidaceae(Family)>Cocconeis(Genus),Genus,Living,Chromista,Heterokontophyta,Bacillariophyceae,Achnanthales,Cocconeidaceae,Cocconeis,,urn:lsid:marinespecies.org:taxname:148989,"Ehrenberg, C. G. (1837). Zusätze zur Erkenntniss grosser organischer Ausbildung in den kleinsten thierischen Organismen. Abhandlungen der königlichen Akademie der Wissenschaften zu Berlin (für 1835), 151-180, pl.1","Kociolek,J.P.;Blanco,S.;Coste,M.;Ector,L.;Liu,Y.;Karthick,B.;Kulikovskiy,M.;Lundholm,N.;Ludwig,T.;Potapova,M.;Rimet,F.;Sabbe,K.;Sala,S.;Sar,E.;Taylor,J.;VandeVijver,B.;Wetzel,C.E.;Williams,D.M.;Witkowski,A.;Witkowski,J.(2025).DiatomBase.CocconeisC.G.Ehrenberg,1837.Accessedthrough:WorldRegisterofMarineSpeciesat:https://www.marinespecies.org/aphia.php?p=taxdetails&id=148989on2025-06-26"
Coelastrum,Plantae(Kingdom)>Viridiplantae(Subkingdom)>Chlorophyta(Phylum (Division))>Chlorophytina(Subphylum (Subdivision))>Chlorophyceae(Class)>Sphaeropleales(Order)>Scenedesmaceae(Family)>Coelastroideae(Subfamily)>Coelastrum(Genus),Genus,Living,Plantae,,Chlorophyceae,Sphaeropleales,Scenedesmaceae,Coelastrum,,urn:lsid:marinespecies.org:taxname:160550,"Guiry, M.D. & Guiry, G.M. (2025). AlgaeBase. <em>World-wide electronic publication, National University of Ireland, Galway.</em> searched on YYYY-MM-DD.","Guiry,M.D.&Guiry,G.M.(2025).AlgaeBase.World-wideelectronicpublication,NationalUniversityofIreland,Galway(taxonomicinformationrepublishedfromAlgaeBasewithpermissionofM.D.Guiry).CoelastrumNägeli,1849.Accessedthrough:WorldRegisterofMarineSpeciesat:https://www.marinespecies.org/aphia.php?p=taxdetails&id=160550on2025-06-26"
Colemanosphaera,Plantae(Kingdom)>Viridiplantae(Subkingdom)>Chlorophyta(Phylum (Division))>Chlorophytina(Subphylum (Subdivision))>Chlorophyceae(Class)>Chlamydomonadales(Order)>Volvocaceae(Family)>Colemanosphaera(Genus),Genus,Living,Plantae,,Chlorophyceae,Chlamydomonadales,Volvocaceae,Colemanosphaera,,urn:lsid:marinespecies.org:taxname:1370542,"Nozaki, H.; Yamada, T. K.; Takahashi, F.; Matsuzaki, R.; Nakada, T. (2014). New “missing link” genus of the colonial volvocine green algae gives insights into the evolution of oogamy. <em>BMC Evolutionary Biology.</em> 14(1): 37.","Guiry,M.D.&Guiry,G.M.(2025).AlgaeBase.World-wideelectronicpublication,NationalUniversityofIreland,Galway(taxonomicinformationrepublishedfromAlgaeBasewithpermissionofM.D.Guiry).ColemanosphaeraNozaki,2014.Accessedthrough:WorldRegisterofMarineSpeciesat:https://www.marinespecies.org/aphia.php?p=taxdetails&id=1370542on2025-06-27"
Coleps,Chromista(Kingdom)>Harosa(Subkingdom)>Alveolata(Infrakingdom)>Ciliophora(Phylum)>Intramacronucleata(Subphylum)>Ventrata(Infraphylum)>Prostomatea(Class)>Prorodontida(Order)>Colepidae(Family)>Coleps(Genus)>Coleps arenarius(Species),Species,Living,Chromista,Ciliophora,Prostomatea,Prorodontida,Colepidae,Coleps,,urn:lsid:marinespecies.org:taxname:427291,,"Xu,K.;Dolan,J.(2025).WorldCiliophoraDatabase.ColepsarenariusBock,1952.Accessedthrough:WorldRegisterofMarineSpeciesat:https://www.marinespecies.org/aphia.php?p=taxdetails&id=427291on2025-06-27"
Conochilus,Animalia(Kingdom)>Rotifera(Phylum)>Eurotatoria(Class)>Monogononta(Subclass)>Gnesiotrocha(Superorder)>Flosculariaceae(Order)>Conochilidae(Family)>Conochilus(Genus),Genus,Living,Animalia,Rotifera,Eurotatoria,Flosculariaceae,Conochilidae,Conochilus,,urn:lsid:marinespecies.org:taxname:134930,"Ehrenberg, C.G. (1834). Dritter Beitrag zur Erkenntniss grosser Organisation in der Richtung des kleinsten Raumes. <em>Abhandlungen der Königlichen Akademie der Wissenschaften zu Berlin.</em> 1833: 145-336, pls I-XIII [1-11].","Segers,H.(Ed.)(2025).WorldRotiferadatabase(FADA).ConochilusEhrenberg,1834.Accessedthrough:WorldRegisterofMarineSpeciesat:https://www.marinespecies.org/aphia.php?p=taxdetails&id=134930on2025-06-26"
Cosmarium,Plantae(Kingdom)>Viridiplantae(Subkingdom)>Streptophyta(Infrakingdom)>Charophyta(Phylum (Division))>Zygnematophyceae(Class)>Zygnematophycidae(Subclass)>Desmidiales(Order)>Desmidiaceae(Family)>Cosmarium(Genus)>Cosmarium abbreviatiforme(Species),Species,Living,Plantae,,Zygnematophyceae,Desmidiales,Desmidiaceae,Cosmarium,,urn:lsid:marinespecies.org:taxname:1327621,"Van Westen, M. C.; Coesel, P. F. M. (2018). Taxonomic notes on desmids from the Netherlands II, with a description of six new species. <em>Phytotaxa.</em> 385(1): 1.","Guiry,M.D.&Guiry,G.M.(2025).AlgaeBase.World-wideelectronicpublication,NationalUniversityofIreland,Galway(taxonomicinformationrepublishedfromAlgaeBasewithpermissionofM.D.Guiry).CosmariumabbreviatiformeVanWesten&Coesel,2018.Accessedthrough:WorldRegisterofMarineSpeciesat:https://www.marinespecies.org/aphia.php?p=taxdetails&id=1327621on2025-03-17"
Cryptomonas,Chromista(Kingdom)>Hacrobia(Subkingdom)>Cryptophyta(Phylum)>Cryptophyceae(Class)>Cryptomonadales(Order)>Cryptomonadaceae(Family)>Cryptomonas(Genus)>Cryptomonas ampulla(Species),Species,Living,Chromista,Cryptophyta,Cryptophyceae,Cryptomonadales,Cryptomonadaceae,Cryptomonas,,urn:lsid:marinespecies.org:taxname:609430,"Guiry, M.D. & Guiry, G.M. (2025). AlgaeBase. <em>World-wide electronic publication, National University of Ireland, Galway.</em> searched on YYYY-MM-DD.","Guiry,M.D.&Guiry,G.M.(2025).AlgaeBase.World-wideelectronicpublication,NationalUniversityofIreland,Galway(taxonomicinformationrepublishedfromAlgaeBasewithpermissionofM.D.Guiry).CryptomonasampullaPlayfair.Accessedthrough:WorldRegisterofMarineSpeciesat:https://www.marinespecies.org/aphia.php?p=taxdetails&id=609430on2025-03-17"
Cryptophyta,Chromista(Kingdom)>Hacrobia(Subkingdom)>Cryptophyta(Phylum),Phylum,Living,Chromista,Cryptophyta,,,,,,urn:lsid:marinespecies.org:taxname:17638,"Guiry, M.D. & Guiry, G.M. (2025). AlgaeBase. <em>World-wide electronic publication, National University of Ireland, Galway.</em> searched on YYYY-MM-DD.","Guiry,M.D.&Guiry,G.M.(2025).AlgaeBase.World-wideelectronicpublication,NationalUniversityofIreland,Galway(taxonomicinformationrepublishedfromAlgaeBasewithpermissionofM.D.Guiry).Cryptophyta.Accessedthrough:WorldRegisterofMarineSpeciesat:https://www.marinespecies.org/aphia.php?p=taxdetails&id=17638on2025-06-27"
Cyanobacteria<Bacteria,Bacteria(Kingdom)>Negibacteria(Subkingdom)>Cyanobacteria(Phylum),Phylum,Living,Bacteria,Cyanobacteria,,,,,,urn:lsid:marinespecies.org:taxname:146537,"Margulis, L.; Schwartz, K.V. (1998). Five Kingdoms: an illustrated guide to the Phyla of life on earth. 3rd edition. Freeman: New York, NY (USA). ISBN 0-7167-3027-8. xx, 520 pp.",WoRMS(2025).Cyanobacteria.Accessedat:https://www.marinespecies.org/aphia.php?p=taxdetails&id=146537on2025-06-27
Cyanobium,Bacteria(Kingdom)>Negibacteria(Subkingdom)>Cyanobacteria(Phylum)>Cyanophyceae(Class)>Synechococcophycidae(Subclass)>Synechococcales(Order)>Prochlorococcaceae(Family)>Cyanobium(Genus),Genus,Living,Bacteria,Cyanobacteria,Cyanophyceae,Synechococcales,Prochlorococcaceae,Cyanobium,,urn:lsid:marinespecies.org:taxname:573354,"Komárek J. & Hauer T. (2011): CyanoDB.cz - On-line database of cyanobacterial genera. - Word-wide electronic publication, Univ. of South Bohemia & Inst. of Botany AS CR, http://www.cyanodb.cz 

","Guiry,M.D.&Guiry,G.M.(2025).AlgaeBase.World-wideelectronicpublication,NationalUniversityofIreland,Galway(taxonomicinformationrepublishedfromAlgaeBasewithpermissionofM.D.Guiry).CyanobiumR.Rippka&G.Cohen-Bazire,1983.Accessedthrough:WorldRegisterofMarineSpeciesat:https://www.marinespecies.org/aphia.php?p=taxdetails&id=573354on2025-03-17"
Cylindrospermopsis,Bacteria(Kingdom)>Negibacteria(Subkingdom)>Cyanobacteria(Phylum)>Cyanophyceae(Class)>Nostocophycidae(Subclass)>Nostocales(Order)>Aphanizomenonaceae(Family)>Cylindrospermopsis(Genus),Genus,Living,Bacteria,Cyanobacteria,Cyanophyceae,Nostocales,Aphanizomenonaceae,Cylindrospermopsis,,urn:lsid:marinespecies.org:taxname:600859,"Guiry, M.D. & Guiry, G.M. (2025). AlgaeBase. <em>World-wide electronic publication, National University of Ireland, Galway.</em> searched on YYYY-MM-DD.","Guiry,M.D.&Guiry,G.M.(2025).AlgaeBase.World-wideelectronicpublication,NationalUniversityofIreland,Galway(taxonomicinformationrepublishedfromAlgaeBasewithpermissionofM.D.Guiry).CylindrospermopsisG.Seenayya&N.SubbaRaju,1972.Accessedthrough:WorldRegisterofMarineSpeciesat:https://www.marinespecies.org/aphia.php?p=taxdetails&id=600859on2025-06-26"
Daphnia<Daphniidae,Animalia(Kingdom)>Arthropoda(Phylum)>Crustacea(Subphylum)>Allotriocarida(Superclass)>Branchiopoda(Class)>Phyllopoda(Subclass)>Diplostraca(Superorder)>Anomopoda(Order)>Daphniidae(Family),Family,Living,Animalia,Arthropoda,Branchiopoda,Anomopoda,Daphniidae,,,urn:lsid:marinespecies.org:taxname:148360,"Martin, J.W., & Davis, G.E. (2001). An updated classification of the recent Crustacea. <em>Science Series, 39. Natural History Museum of Los Angeles County. Los Angeles, CA (USA).</em> 124 pp.","WoRMS(2025).DaphniidaeStraus,1820.Accessedat:https://www.marinespecies.org/aphia.php?p=taxdetails&id=148360on2025-06-26"
Diaphanosoma,Animalia(Kingdom)>Arthropoda(Phylum)>Crustacea(Subphylum)>Allotriocarida(Superclass)>Branchiopoda(Class)>Phyllopoda(Subclass)>Diplostraca(Superorder)>Ctenopoda(Order)>Sididae(Family)>Diaphanosoma(Genus),Genus,Living,Animalia,Arthropoda,Branchiopoda,Ctenopoda,Sididae,Diaphanosoma,,urn:lsid:marinespecies.org:taxname:234062,"Põllumäe, A.; Kotta, I.; Kotta, J. (2006). Port biological sampling as a tool for monitoring invasive species in high-risk areas of bioinvasions, in: Ojaveer, H.; Kotta, J. (Ed.) (2006). Alien invasive species in the north-eastern Baltic Sea: population dynamics and ecological impacts. Estonian Marine Institute Report Series, 14: pp. 35-41","WoRMS(2025).DiaphanosomaFischer,1850.Accessedat:https://www.marinespecies.org/aphia.php?p=taxdetails&id=234062on2025-06-26"
Diatoma,Chromista(Kingdom)>Heterokontophyta(Phylum)>Bacillariophytina(Subphylum)>Bacillariophyceae(Class)>Fragilariophycidae(Subclass)>Fragilariophycanae(Superorder)>Fragilariales(Order)>Fragilariaceae(Family)>Diatoma(Genus)>Diatoma anceps(Species),Species,Living,Chromista,Heterokontophyta,Bacillariophyceae,Fragilariales,Fragilariaceae,Diatoma,,urn:lsid:marinespecies.org:taxname:626561,"Ehrenberg, C.G. (1843). Verbreitung und Einfluss des mikroskopischen Lebens in Süd- und Nord-Amerika. <em>Abhandlungen der Königlichen Akademie der Wissenschaften zu Berlin.</em> 1841: 291-445, 4 pls.","Kociolek,J.P.;Blanco,S.;Coste,M.;Ector,L.;Liu,Y.;Karthick,B.;Kulikovskiy,M.;Lundholm,N.;Ludwig,T.;Potapova,M.;Rimet,F.;Sabbe,K.;Sala,S.;Sar,E.;Taylor,J.;VandeVijver,B.;Wetzel,C.E.;Williams,D.M.;Witkowski,A.;Witkowski,J.(2025).DiatomBase.Diatomaanceps(Ehrenberg)Kirchner,1878.Accessedthrough:WorldRegisterofMarineSpeciesat:https://www.marinespecies.org/aphia.php?p=taxdetails&id=626561on2025-03-17"
Dictyosphaerium,Plantae(Kingdom)>Viridiplantae(Subkingdom)>Chlorophyta(Phylum (Division))>Chlorophytina(Subphylum (Subdivision))>Trebouxiophyceae(Class)>Chlorellales(Order)>Chlorellaceae(Family)>Dictyosphaerium(Genus),Genus,Living,Plantae,,Trebouxiophyceae,Chlorellales,Chlorellaceae,Dictyosphaerium,,urn:lsid:marinespecies.org:taxname:178623,Integrated Taxonomic Information System (ITIS). ,"Guiry,M.D.&Guiry,G.M.(2025).AlgaeBase.World-wideelectronicpublication,NationalUniversityofIreland,Galway(taxonomicinformationrepublishedfromAlgaeBasewithpermissionofM.D.Guiry).DictyosphaeriumNägeli,1849.Accessedthrough:WorldRegisterofMarineSpeciesat:https://www.marinespecies.org/aphia.php?p=taxdetails&id=178623on2025-06-26"
Dictyosphaerium sp.,Plantae(Kingdom)>Viridiplantae(Subkingdom)>Chlorophyta(Phylum (Division))>Chlorophytina(Subphylum (Subdivision))>Trebouxiophyceae(Class)>Chlorellales(Order)>Chlorellaceae(Family)>Dictyosphaerium(Genus),Genus,Living,Plantae,,Trebouxiophyceae,Chlorellales,Chlorellaceae,Dictyosphaerium,,urn:lsid:marinespecies.org:taxname:178623,Integrated Taxonomic Information System (ITIS). ,"Guiry,M.D.&Guiry,G.M.(2025).AlgaeBase.World-wideelectronicpublication,NationalUniversityofIreland,Galway(taxonomicinformationrepublishedfromAlgaeBasewithpermissionofM.D.Guiry).DictyosphaeriumNägeli,1849.Accessedthrough:WorldRegisterofMarineSpeciesat:https://www.marinespecies.org/aphia.php?p=taxdetails&id=178623on2025-06-26"
Dinobryon,Chromista(Kingdom)>Harosa(Subkingdom)>Heterokonta(Infrakingdom)>Ochrophyta(Phylum)>Chrysophyceae(Class)>Chromulinales(Order)>Dinobryaceae(Family)>Dinobryon(Genus)>Dinobryon acuminatum(Species),Species,Living,Chromista,Ochrophyta,Chrysophyceae,Chromulinales,Dinobryaceae,Dinobryon,,urn:lsid:marinespecies.org:taxname:572032,"Guiry, M.D. & Guiry, G.M. (2025). AlgaeBase. <em>World-wide electronic publication, National University of Ireland, Galway.</em> searched on YYYY-MM-DD.","Guiry,M.D.&Guiry,G.M.(2025).AlgaeBase.World-wideelectronicpublication,NationalUniversityofIreland,Galway(taxonomicinformationrepublishedfromAlgaeBasewithpermissionofM.D.Guiry).DinobryonacuminatumRuttner,1913.Accessedthrough:WorldRegisterofMarineSpeciesat:https://www.marinespecies.org/aphia.php?p=taxdetails&id=572032on2025-03-17"
Dinobryon balticum,Chromista(Kingdom)>Harosa(Subkingdom)>Heterokonta(Infrakingdom)>Ochrophyta(Phylum)>Chrysophyceae(Class)>Chromulinales(Order)>Dinobryaceae(Family)>Dinobryon(Genus)>Dinobryon balticum(Species),Species,Living,Chromista,Ochrophyta,Chrysophyceae,Chromulinales,Dinobryaceae,Dinobryon,,urn:lsid:marinespecies.org:taxname:160552,TMAP - Trilateral Monitoring and Assessment Program database,"Guiry,M.D.&Guiry,G.M.(2025).AlgaeBase.World-wideelectronicpublication,NationalUniversityofIreland,Galway(taxonomicinformationrepublishedfromAlgaeBasewithpermissionofM.D.Guiry).Dinobryonbalticum(Schütt)Lemmermann,1901.Accessedthrough:WorldRegisterofMarineSpeciesat:https://www.marinespecies.org/aphia.php?p=taxdetails&id=160552on2025-06-26"
Dinoflagellates,Chromista(Kingdom)>Harosa(Subkingdom)>Alveolata(Infrakingdom)>Myzozoa(Phylum)>Dinozoa(Subphylum)>Dinoflagellata(Infraphylum)>Dinophyceae(Class),Class,Living,Chromista,Myzozoa,Dinophyceae,,,,,urn:lsid:marinespecies.org:taxname:19542,"Parker, S.P. (Ed.) (1982). Synopsis and classification of living organisms. McGraw Hill Book Company: New York, NY (USA). ISBN 0-07-079031-0. 1166, 1232 pp.","Guiry,M.D.&Guiry,G.M.(2025).AlgaeBase.World-wideelectronicpublication,NationalUniversityofIreland,Galway(taxonomicinformationrepublishedfromAlgaeBasewithpermissionofM.D.Guiry).Dinophyceae.Accessedthrough:WorldRegisterofMarineSpeciesat:https://www.marinespecies.org/aphia.php?p=taxdetails&id=19542on2025-06-27"
Dinophyceae,Chromista(Kingdom)>Harosa(Subkingdom)>Alveolata(Infrakingdom)>Myzozoa(Phylum)>Dinozoa(Subphylum)>Dinoflagellata(Infraphylum)>Dinophyceae(Class),Class,Living,Chromista,Myzozoa,Dinophyceae,,,,,urn:lsid:marinespecies.org:taxname:19542,"Parker, S.P. (Ed.) (1982). Synopsis and classification of living organisms. McGraw Hill Book Company: New York, NY (USA). ISBN 0-07-079031-0. 1166, 1232 pp.","Guiry,M.D.&Guiry,G.M.(2025).AlgaeBase.World-wideelectronicpublication,NationalUniversityofIreland,Galway(taxonomicinformationrepublishedfromAlgaeBasewithpermissionofM.D.Guiry).Dinophyceae.Accessedthrough:WorldRegisterofMarineSpeciesat:https://www.marinespecies.org/aphia.php?p=taxdetails&id=19542on2025-06-27"
Dolichospermum,Bacteria(Kingdom)>Negibacteria(Subkingdom)>Cyanobacteria(Phylum)>Cyanophyceae(Class)>Nostocophycidae(Subclass)>Nostocales(Order)>Aphanizomenonaceae(Family)>Dolichospermum(Genus)>Dolichospermum affine(Species),Species,Living,Bacteria,Cyanobacteria,Cyanophyceae,Nostocales,Aphanizomenonaceae,Dolichospermum,,urn:lsid:marinespecies.org:taxname:625363,"Guiry, M.D. & Guiry, G.M. (2025). AlgaeBase. <em>World-wide electronic publication, National University of Ireland, Galway.</em> searched on YYYY-MM-DD.","Guiry,M.D.&Guiry,G.M.(2025).AlgaeBase.World-wideelectronicpublication,NationalUniversityofIreland,Galway(taxonomicinformationrepublishedfromAlgaeBasewithpermissionofM.D.Guiry).Dolichospermumaffine(Lemmermann)Wacklin,L.Hoffmann&Komárek,2009.Accessedthrough:WorldRegisterofMarineSpeciesat:https://www.marinespecies.org/aphia.php?p=taxdetails&id=625363on2025-03-17"
Draparnaldia,Plantae(Kingdom)>Viridiplantae(Subkingdom)>Chlorophyta(Phylum (Division))>Chlorophytina(Subphylum (Subdivision))>Chlorophyceae(Class)>Chaetophorales(Order)>Chaetophoraceae(Family)>Draparnaldia(Genus),Genus,Living,Plantae,,Chlorophyceae,Chaetophorales,Chaetophoraceae,Draparnaldia,,urn:lsid:marinespecies.org:taxname:422898,"Bory de Saint Vincent, J. B. G. M. (1808). Mémoire sur le genre Draparnaldia, de la famille des Conferves (Voyez la planche 35). <em>Annales du Muséum d'Histoire Naturelle.</em> 12: 399-409.","Guiry,M.D.&Guiry,G.M.(2025).AlgaeBase.World-wideelectronicpublication,NationalUniversityofIreland,Galway(taxonomicinformationrepublishedfromAlgaeBasewithpermissionofM.D.Guiry).DraparnaldiaBorydeSaint-Vincent,1808.Accessedthrough:WorldRegisterofMarineSpeciesat:https://www.marinespecies.org/aphia.php?p=taxdetails&id=422898on2025-06-26"
Encyonema,Chromista(Kingdom)>Heterokontophyta(Phylum)>Bacillariophytina(Subphylum)>Bacillariophyceae(Class)>Bacillariophycidae(Subclass)>Bacillariophycanae(Superorder)>Cymbellales(Order)>Cymbellaceae(Family)>Encyonema(Genus),Genus,Living,Chromista,Heterokontophyta,Bacillariophyceae,Cymbellales,Cymbellaceae,Encyonema,,urn:lsid:marinespecies.org:taxname:149541,"Kützing, F.T. (1833). Synopsis Diatomacearum oder Versuch einer systematischen Zusammenstellung der Diatomeen. Linnaea, 8(5): 529-620, pls. XIII-XIX.","Kociolek,J.P.;Blanco,S.;Coste,M.;Ector,L.;Liu,Y.;Karthick,B.;Kulikovskiy,M.;Lundholm,N.;Ludwig,T.;Potapova,M.;Rimet,F.;Sabbe,K.;Sala,S.;Sar,E.;Taylor,J.;VandeVijver,B.;Wetzel,C.E.;Williams,D.M.;Witkowski,A.;Witkowski,J.(2025).DiatomBase.EncyonemaKütz.,1833.Accessedthrough:WorldRegisterofMarineSpeciesat:https://www.marinespecies.org/aphia.php?p=taxdetails&id=149541on2025-06-26"
Eudorina,Plantae(Kingdom)>Viridiplantae(Subkingdom)>Chlorophyta(Phylum (Division))>Chlorophytina(Subphylum (Subdivision))>Chlorophyceae(Class)>Chlamydomonadales(Order)>Volvocaceae(Family)>Pleodorina(Genus)>Pleodorina californica(Species),Species,Living,Plantae,,Chlorophyceae,Chlamydomonadales,Volvocaceae,Pleodorina,,urn:lsid:marinespecies.org:taxname:608654,"Guiry, M.D. & Guiry, G.M. (2025). AlgaeBase. <em>World-wide electronic publication, National University of Ireland, Galway.</em> searched on YYYY-MM-DD.","Guiry,M.D.&Guiry,G.M.(2024).AlgaeBase.World-wideelectronicpublication,NationalUniversityofIreland,Galway(taxonomicinformationrepublishedfromAlgaeBasewithpermissionofM.D.Guiry).PleodorinacalifornicaW.R.Shaw,1894.Accessedthrough:WorldRegisterofMarineSpeciesat:https://www.marinespecies.org/aphia.php?p=taxdetails&id=608654on2025-03-17"
Euglena,Protozoa(Kingdom)>Eozoa(Subkingdom)>Euglenozoa(Infrakingdom)>Euglenozoa(Phylum)>Euglenoida(Subphylum)>Dipilida(Infraphylum)>Euglenophyceae(Class)>Euglenophycidae(Subclass)>Euglenales(Order)>Euglenaceae(Family)>Euglenoideae(Subfamily)>Euglena(Genus)>Euglena acauda(Species),Species,Living,Protozoa,Euglenozoa,Euglenophyceae,Euglenales,Euglenaceae,Euglena,,urn:lsid:marinespecies.org:taxname:615705,"Guiry, M.D. & Guiry, G.M. (2025). AlgaeBase. <em>World-wide electronic publication, National University of Ireland, Galway.</em> searched on YYYY-MM-DD.","Guiry,M.D.&Guiry,G.M.(2025).AlgaeBase.World-wideelectronicpublication,NationalUniversityofIreland,Galway(taxonomicinformationrepublishedfromAlgaeBasewithpermissionofM.D.Guiry).Euglenaacauda(Swirenko)T.G.Popova,1966.Accessedthrough:WorldRegisterofMarineSpeciesat:https://www.marinespecies.org/aphia.php?p=taxdetails&id=615705on2025-03-17"
Euglenozoa,Protozoa(Kingdom)>Eozoa(Subkingdom)>Euglenozoa(Infrakingdom),Infrakingdom,Living,Protozoa,,,,,,,urn:lsid:marinespecies.org:taxname:582161,,WoRMS(2025).Euglenozoa.Accessedat:https://www.marinespecies.org/aphia.php?p=taxdetails&id=582161on2025-06-26
Eunotia,Chromista(Kingdom)>Heterokontophyta(Phylum)>Bacillariophytina(Subphylum)>Bacillariophyceae(Class)>Bacillariophycidae(Subclass)>Eunotiophycanae(Superorder)>Eunotiales(Order)>Eunotiaceae(Family)>Eunotia(Genus)>Eunotia abbottiae(Species),Species,Living,Chromista,Heterokontophyta,Bacillariophyceae,Eunotiales,Eunotiaceae,Eunotia,,urn:lsid:marinespecies.org:taxname:495358,"Main, S.P. (2004). Observations of diatoms from Hawai'i: morphological features of infrequently reported taxa and description of new taxa. In: M. Poulin (ed.), Proceedings of the Seventeenth International Diatom Symposium, Ottawa, Canada, 25th-31st August 2002. Biopress Limited, Bristol, U.K., pp. 203-221","Kociolek,J.P.;Blanco,S.;Coste,M.;Ector,L.;Liu,Y.;Karthick,B.;Kulikovskiy,M.;Lundholm,N.;Ludwig,T.;Potapova,M.;Rimet,F.;Sabbe,K.;Sala,S.;Sar,E.;Taylor,J.;VandeVijver,B.;Wetzel,C.E.;Williams,D.M.;Witkowski,A.;Witkowski,J.(2025).DiatomBase.EunotiaabbottiaeS.P.Main,2006.Accessedthrough:WorldRegisterofMarineSpeciesat:https://www.marinespecies.org/aphia.php?p=taxdetails&id=495358on2025-03-17"
Euplotes,Chromista(Kingdom)>Harosa(Subkingdom)>Alveolata(Infrakingdom)>Ciliophora(Phylum)>Intramacronucleata(Subphylum)>Spirotrichia(Infraphylum)>Spirotrichea(Class)>Hypotrichia(Subclass)>Euplotida(Order)>Euplotina(Suborder)>Euplotidae(Family)>Euplotes(Genus)>Euplotes aediculatus(Species),Species,Living,Chromista,Ciliophora,Spirotrichea,Euplotida,Euplotidae,Euplotes,,urn:lsid:marinespecies.org:taxname:427655,"Pierson, B. F. (1943). A comparative morphological study of several species of Euplotes closely related to Euplotes patella. <em>Journal of Morphology.</em> 72(1): 125-165.","Xu,K.;Dolan,J.(2025).WorldCiliophoraDatabase.EuplotesaediculatusPierson,1943.Accessedthrough:WorldRegisterofMarineSpeciesat:https://www.marinespecies.org/aphia.php?p=taxdetails&id=427655on2025-03-17"
Fragilaria,Chromista(Kingdom)>Heterokontophyta(Phylum)>Bacillariophytina(Subphylum)>Bacillariophyceae(Class)>Fragilariophycidae(Subclass)>Fragilariophycanae(Superorder)>Fragilariales(Order)>Fragilariaceae(Family)>Fragilaria(Genus)>Fragilaria acerosa(Species),Species,Living,Chromista,Heterokontophyta,Bacillariophyceae,Fragilariales,Fragilariaceae,Fragilaria,,urn:lsid:marinespecies.org:taxname:1768953,"Van de Vijver, B.; Williams, D. M.; Kusber, W.-H.; Cantonati, M.; Hamilton, P. B.; Wetzel, C. E.; Ector, L. (2022). Fragilaria radians (Kützing) D.M.Williams et Round, the correct name for F. gracilis (Fragilariaceae, Bacillariophyta): a critical analysis of this species complex in Europe. <em>Fottea.</em> 22(2): 256-291.","Kociolek,J.P.;Blanco,S.;Coste,M.;Ector,L.;Liu,Y.;Karthick,B.;Kulikovskiy,M.;Lundholm,N.;Ludwig,T.;Potapova,M.;Rimet,F.;Sabbe,K.;Sala,S.;Sar,E.;Taylor,J.;VandeVijver,B.;Wetzel,C.E.;Williams,D.M.;Witkowski,A.;Witkowski,J.(2025).DiatomBase.FragilariaacerosaVandeVijver,C.E.Wetzel,JarlmanetEctorinVandeVijver,2022.Accessedthrough:WorldRegisterofMarineSpeciesat:https://www.marinespecies.org/aphia.php?p=taxdetails&id=1768953on2025-03-17"
Fragilariaceae,Chromista(Kingdom)>Heterokontophyta(Phylum)>Bacillariophytina(Subphylum)>Bacillariophyceae(Class)>Fragilariophycidae(Subclass)>Fragilariophycanae(Superorder)>Fragilariales(Order)>Fragilariaceae(Family),Family,Living,Chromista,Heterokontophyta,Bacillariophyceae,Fragilariales,Fragilariaceae,,,urn:lsid:marinespecies.org:taxname:148952,"Round, F.E.; Crawford, R.M.; Mann, D.G. (1990). The diatoms: biology and morphology of the genera. Cambridge University Press: London, UK. ISBN 0-521-363187. 747 pp.","Kociolek,J.P.;Blanco,S.;Coste,M.;Ector,L.;Liu,Y.;Karthick,B.;Kulikovskiy,M.;Lundholm,N.;Ludwig,T.;Potapova,M.;Rimet,F.;Sabbe,K.;Sala,S.;Sar,E.;Taylor,J.;VandeVijver,B.;Wetzel,C.E.;Williams,D.M.;Witkowski,A.;Witkowski,J.(2025).DiatomBase.FragilariaceaeGreville,1833.Accessedthrough:WorldRegisterofMarineSpeciesat:https://www.marinespecies.org/aphia.php?p=taxdetails&id=148952on2025-06-27"
Fungi X<Fungi,Fungi(Kingdom)>Fungi incertae sedis(Class),Class,Living,Fungi,,Fungi incertae sedis,,,,,urn:lsid:marinespecies.org:taxname:177372,,WoRMS(2025).Fungiincertaesedis.Accessedat:https://www.marinespecies.org/aphia.php?p=taxdetails&id=177372on2025-06-27
Fungi X<Fungi X,Fungi(Kingdom)>Fungi incertae sedis(Class),Class,Living,Fungi,,Fungi incertae sedis,,,,,urn:lsid:marinespecies.org:taxname:177372,,WoRMS(2025).Fungiincertaesedis.Accessedat:https://www.marinespecies.org/aphia.php?p=taxdetails&id=177372on2025-06-27
Fungi incertae sedis,Fungi(Kingdom)>Fungi incertae sedis(Class),Class,Living,Fungi,,Fungi incertae sedis,,,,,urn:lsid:marinespecies.org:taxname:177372,,WoRMS(2025).Fungiincertaesedis.Accessedat:https://www.marinespecies.org/aphia.php?p=taxdetails&id=177372on2025-06-27
Golenkinia,Plantae(Kingdom)>Viridiplantae(Subkingdom)>Chlorophyta(Phylum (Division))>Chlorophytina(Subphylum (Subdivision))>Chlorophyceae(Class)>Sphaeropleales(Order)>Neochloridaceae(Family)>Golenkinia(Genus)>Golenkinia aculeata(Species),Species,Living,Plantae,,Chlorophyceae,Sphaeropleales,Neochloridaceae,Golenkinia,,urn:lsid:marinespecies.org:taxname:608492,"Guiry, M.D. & Guiry, G.M. (2025). AlgaeBase. <em>World-wide electronic publication, National University of Ireland, Galway.</em> searched on YYYY-MM-DD.","Guiry,M.D.&Guiry,G.M.(2025).AlgaeBase.World-wideelectronicpublication,NationalUniversityofIreland,Galway(taxonomicinformationrepublishedfromAlgaeBasewithpermissionofM.D.Guiry).GolenkiniaaculeataPlayfair,1923.Accessedthrough:WorldRegisterofMarineSpeciesat:https://www.marinespecies.org/aphia.php?p=taxdetails&id=608492on2025-03-17"
Gonatozygon,Plantae(Kingdom)>Viridiplantae(Subkingdom)>Streptophyta(Infrakingdom)>Charophyta(Phylum (Division))>Zygnematophyceae(Class)>Zygnematophycidae(Subclass)>Desmidiales(Order)>Gonatozygaceae(Family)>Gonatozygon(Genus),Genus,Living,Plantae,,Zygnematophyceae,Desmidiales,Gonatozygaceae,Gonatozygon,,urn:lsid:marinespecies.org:taxname:494173,"Guiry, M.D. & Guiry, G.M. (2025). AlgaeBase. <em>World-wide electronic publication, National University of Ireland, Galway.</em> searched on YYYY-MM-DD.","Guiry,M.D.&Guiry,G.M.(2025).AlgaeBase.World-wideelectronicpublication,NationalUniversityofIreland,Galway(taxonomicinformationrepublishedfromAlgaeBasewithpermissionofM.D.Guiry).GonatozygonDeBary,1856.Accessedthrough:WorldRegisterofMarineSpeciesat:https://www.marinespecies.org/aphia.php?p=taxdetails&id=494173on2025-06-26"
Gonium,Plantae(Kingdom)>Viridiplantae(Subkingdom)>Chlorophyta(Phylum (Division))>Chlorophytina(Subphylum (Subdivision))>Chlorophyceae(Class)>Chlamydomonadales(Order)>Goniaceae(Family)>Gonium(Genus)>Gonium compactum(Species),Species,Living,Plantae,,Chlorophyceae,Chlamydomonadales,Goniaceae,Gonium,,urn:lsid:marinespecies.org:taxname:623834,"Guiry, M.D. & Guiry, G.M. (2025). AlgaeBase. <em>World-wide electronic publication, National University of Ireland, Galway.</em> searched on YYYY-MM-DD.","Guiry,M.D.&Guiry,G.M.(2025).AlgaeBase.World-wideelectronicpublication,NationalUniversityofIreland,Galway(taxonomicinformationrepublishedfromAlgaeBasewithpermissionofM.D.Guiry).GoniumcompactumM.O.P.Iyengar,1981.Accessedthrough:WorldRegisterofMarineSpeciesat:https://www.marinespecies.org/aphia.php?p=taxdetails&id=623834on2025-03-17"
Gymnodinium,Chromista(Kingdom)>Harosa(Subkingdom)>Alveolata(Infrakingdom)>Myzozoa(Phylum)>Dinozoa(Subphylum)>Dinoflagellata(Infraphylum)>Dinophyceae(Class)>Gymnodiniales(Order)>Gymnodiniaceae(Family)>Gymnodinium(Genus)>Gymnodinium albulum(Species),Species,Living,Chromista,Myzozoa,Dinophyceae,Gymnodiniales,Gymnodiniaceae,Gymnodinium,,urn:lsid:marinespecies.org:taxname:249714,"Lindemann, E. (1928). Neue Peridineen. Hedwigia, 68: 291-296, 20 figs in text.","Guiry,M.D.&Guiry,G.M.(2025).AlgaeBase.World-wideelectronicpublication,NationalUniversityofIreland,Galway(taxonomicinformationrepublishedfromAlgaeBasewithpermissionofM.D.Guiry).GymnodiniumalbulumEr.Lindemann,1928.Accessedthrough:WorldRegisterofMarineSpeciesat:https://www.marinespecies.org/aphia.php?p=taxdetails&id=249714on2025-03-17"
Gyrosigma,Chromista(Kingdom)>Heterokontophyta(Phylum)>Bacillariophytina(Subphylum)>Bacillariophyceae(Class)>Bacillariophycidae(Subclass)>Bacillariophycanae(Superorder)>Naviculales(Order)>Pleurosigmataceae(Family)>Gyrosigma(Genus),Genus,Living,Chromista,Heterokontophyta,Bacillariophyceae,Naviculales,Pleurosigmataceae,Gyrosigma,,urn:lsid:marinespecies.org:taxname:149033,"Hassall, A.H. (1845). A history of the British Freshwater Algae (including descriptions of the Diatomaceae and Desmidiaceae) with upwards of one hundred Plates.  I. Text. <em>Taylor, Walton, and Maberly, London.</em> 462 pp.","Kociolek,J.P.;Blanco,S.;Coste,M.;Ector,L.;Liu,Y.;Karthick,B.;Kulikovskiy,M.;Lundholm,N.;Ludwig,T.;Potapova,M.;Rimet,F.;Sabbe,K.;Sala,S.;Sar,E.;Taylor,J.;VandeVijver,B.;Wetzel,C.E.;Williams,D.M.;Witkowski,A.;Witkowski,J.(2025).DiatomBase.GyrosigmaA.H.Hassall,1845.Accessedthrough:WorldRegisterofMarineSpeciesat:https://www.marinespecies.org/aphia.php?p=taxdetails&id=149033on2025-06-26"
Haptophyta,Chromista(Kingdom)>Hacrobia(Subkingdom)>Haptophyta(Phylum),Phylum,Living,Chromista,Haptophyta,,,,,,urn:lsid:marinespecies.org:taxname:369190,,WoRMS(2025).Haptophyta.Accessedat:https://www.marinespecies.org/aphia.php?p=taxdetails&id=369190on2025-06-27
Hypogastrura,Animalia(Kingdom)>Arthropoda(Phylum)>Crustacea(Subphylum)>Allotriocarida(Superclass)>Hexapoda(Class)>Collembola(Subclass)>Hypogastruridae(Family)>Hypogastrura(Genus),Genus,Living,Animalia,Arthropoda,Hexapoda,,Hypogastruridae,Hypogastrura,,urn:lsid:marinespecies.org:taxname:118113,"Legakis, A. (2001). Insecta, <B><I>in</I></B>: Costello, M.J. <i>et al.</i> (Ed.) (2001). <i>European register of marine species: a check-list of the marine species in Europe and a bibliography of guides to their identification. Collection Patrimoines Naturels,</i> 50: pp. 323-324","WoRMS(2025).HypogastruraBourlet,1839.Accessedat:https://www.marinespecies.org/aphia.php?p=taxdetails&id=118113on2025-06-26"
Limnothrix,Bacteria(Kingdom)>Negibacteria(Subkingdom)>Cyanobacteria(Phylum)>Cyanophyceae(Class)>Pseudanabaenales(Order)>Pseudanabaenaceae(Family)>Limnothrix(Genus),Genus,Living,Bacteria,Cyanobacteria,Cyanophyceae,Pseudanabaenales,Pseudanabaenaceae,Limnothrix,,urn:lsid:marinespecies.org:taxname:177506,"Guiry, M.D. & Guiry, G.M. (2025). AlgaeBase. <em>World-wide electronic publication, National University of Ireland, Galway.</em> searched on YYYY-MM-DD.","Guiry,M.D.&Guiry,G.M.(2025).AlgaeBase.World-wideelectronicpublication,NationalUniversityofIreland,Galway(taxonomicinformationrepublishedfromAlgaeBasewithpermissionofM.D.Guiry).LimnothrixMeffert,1987.Accessedthrough:WorldRegisterofMarineSpeciesat:https://www.marinespecies.org/aphia.php?p=taxdetails&id=177506on2025-06-26"
Mallomonas,Chromista(Kingdom)>Harosa(Subkingdom)>Heterokonta(Infrakingdom)>Ochrophyta(Phylum)>Chrysophyceae(Class)>Synurales(Order)>Mallomonadaceae(Family)>Mallomonas(Genus)>Mallomonas ploesslii(Species),Species,Living,Chromista,Ochrophyta,Chrysophyceae,Synurales,Mallomonadaceae,Mallomonas,,urn:lsid:marinespecies.org:taxname:841057,"Guiry, M.D. & Guiry, G.M. (2025). AlgaeBase. <em>World-wide electronic publication, National University of Ireland, Galway.</em> searched on YYYY-MM-DD.","Guiry,M.D.&Guiry,G.M.(2025).AlgaeBase.World-wideelectronicpublication,NationalUniversityofIreland,Galway(taxonomicinformationrepublishedfromAlgaeBasewithpermissionofM.D.Guiry).MallomonasploessliiPerty,1852.Accessedthrough:WorldRegisterofMarineSpeciesat:https://www.marinespecies.org/aphia.php?p=taxdetails&id=841057on2025-03-17"
Mallomonas adamas,Chromista(Kingdom)>Harosa(Subkingdom)>Heterokonta(Infrakingdom)>Ochrophyta(Phylum)>Chrysophyceae(Class)>Synurales(Order)>Mallomonadaceae(Family)>Mallomonas(Genus)>Mallomonas adamas(Species),Species,Living,Chromista,Ochrophyta,Chrysophyceae,Synurales,Mallomonadaceae,Mallomonas,,urn:lsid:marinespecies.org:taxname:610018,"Guiry, M.D. & Guiry, G.M. (2025). AlgaeBase. <em>World-wide electronic publication, National University of Ireland, Galway.</em> searched on YYYY-MM-DD.","Guiry,M.D.&Guiry,G.M.(2025).AlgaeBase.World-wideelectronicpublication,NationalUniversityofIreland,Galway(taxonomicinformationrepublishedfromAlgaeBasewithpermissionofM.D.Guiry).MallomonasadamasK.Harris&D.E.Bradley,1960.Accessedthrough:WorldRegisterofMarineSpeciesat:https://www.marinespecies.org/aphia.php?p=taxdetails&id=610018on2025-03-17"
Mesodinium,Chromista(Kingdom)>Harosa(Subkingdom)>Alveolata(Infrakingdom)>Ciliophora(Phylum)>Intramacronucleata(Subphylum)>Rhabdophora(Infraphylum)>Litostomatea(Class)>Haptoria(Subclass)>Cyclotrichiida(Order)>Mesodiniidae(Family)>Mesodinium(Genus),Genus,Living,Chromista,Ciliophora,Litostomatea,Cyclotrichiida,Mesodiniidae,Mesodinium,,urn:lsid:marinespecies.org:taxname:179320,"Parker, S.P. (Ed.) (1982). Synopsis and classification of living organisms. McGraw Hill Book Company: New York, NY (USA). ISBN 0-07-079031-0. 1166, 1232 pp.","Xu,K.;Dolan,J.(2025).WorldCiliophoraDatabase.MesodiniumvonStein.Accessedthrough:WorldRegisterofMarineSpeciesat:https://www.marinespecies.org/aphia.php?p=taxdetails&id=179320on2025-06-27"
Micractinium,Plantae(Kingdom)>Viridiplantae(Subkingdom)>Chlorophyta(Phylum (Division))>Chlorophytina(Subphylum (Subdivision))>Trebouxiophyceae(Class)>Chlorellales(Order)>Chlorellaceae(Family)>Micractinium(Genus)>Micractinium appendiculatum(Species),Species,Living,Plantae,,Trebouxiophyceae,Chlorellales,Chlorellaceae,Micractinium,,urn:lsid:marinespecies.org:taxname:629730,"Guiry, M.D. & Guiry, G.M. (2025). AlgaeBase. <em>World-wide electronic publication, National University of Ireland, Galway.</em> searched on YYYY-MM-DD.","Guiry,M.D.&Guiry,G.M.(2025).AlgaeBase.World-wideelectronicpublication,NationalUniversityofIreland,Galway(taxonomicinformationrepublishedfromAlgaeBasewithpermissionofM.D.Guiry).MicractiniumappendiculatumKorshikov,1953.Accessedthrough:WorldRegisterofMarineSpeciesat:https://www.marinespecies.org/aphia.php?p=taxdetails&id=629730on2025-03-17"
Microcoleaceae,Bacteria(Kingdom)>Negibacteria(Subkingdom)>Cyanobacteria(Phylum)>Cyanophyceae(Class)>Oscillatoriophycidae(Subclass)>Oscillatoriales(Order)>Microcoleaceae(Family),Family,Living,Bacteria,Cyanobacteria,Cyanophyceae,Oscillatoriales,Microcoleaceae,,,urn:lsid:marinespecies.org:taxname:836366,"Guiry, M.D. & Guiry, G.M. (2025). AlgaeBase. <em>World-wide electronic publication, National University of Ireland, Galway.</em> searched on YYYY-MM-DD.","Guiry,M.D.&Guiry,G.M.(2025).AlgaeBase.World-wideelectronicpublication,NationalUniversityofIreland,Galway(taxonomicinformationrepublishedfromAlgaeBasewithpermissionofM.D.Guiry).MicrocoleaceaeO.Strunecky,J.R.Johansen&J.Komárek,2013.Accessedthrough:WorldRegisterofMarineSpeciesat:https://www.marinespecies.org/aphia.php?p=taxdetails&id=836366on2025-06-26"
Microcystis sp,Animalia(Kingdom)>Mollusca(Phylum)>Gastropoda(Class)>Heterobranchia(Subclass)>Euthyneura(Infraclass)>Tectipleura(Subterclass)>Eupulmonata(Superorder)>Stylommatophora(Order)>Helicina(Suborder)>Limacoidei(Infraorder)>Trochomorphoidea(Superfamily)>Microcystidae(Family)>Microcystinae(Subfamily)>Microcystis(Genus),Genus,Living,Animalia,Mollusca,Gastropoda,Stylommatophora,Microcystidae,Microcystis,,urn:lsid:marinespecies.org:taxname:875149,"Beck, H. H. (1838). Species novarum in indice molluscorum praesentis aevi musei Principis Christiani Frederici ab autore propositarum characteres breves. Hafniae (= København): 1-8. [June].","MolluscaBaseeds.(2025).MolluscaBase.MicrocystisH.Beck,1838.Accessedthrough:WorldRegisterofMarineSpeciesat:https://www.marinespecies.org/aphia.php?p=taxdetails&id=875149on2025-03-17"
Mougeotia,Plantae(Kingdom)>Viridiplantae(Subkingdom)>Streptophyta(Infrakingdom)>Charophyta(Phylum (Division))>Zygnematophyceae(Class)>Zygnematophycidae(Subclass)>Zygnematales(Order)>Zygnemataceae(Family)>Mougeotia(Genus)>Mougeotia abnormis(Species),Species,Living,Plantae,,Zygnematophyceae,Zygnematales,Zygnemataceae,Mougeotia,,urn:lsid:marinespecies.org:taxname:616425,"Guiry, M.D. & Guiry, G.M. (2025). AlgaeBase. <em>World-wide electronic publication, National University of Ireland, Galway.</em> searched on YYYY-MM-DD.","Guiry,M.D.&Guiry,G.M.(2025).AlgaeBase.World-wideelectronicpublication,NationalUniversityofIreland,Galway(taxonomicinformationrepublishedfromAlgaeBasewithpermissionofM.D.Guiry).MougeotiaabnormisKisselev,1927.Accessedthrough:WorldRegisterofMarineSpeciesat:https://www.marinespecies.org/aphia.php?p=taxdetails&id=616425on2025-03-17"
Nauplius larvae,Animalia(Kingdom)>Arthropoda(Phylum)>Crustacea(Subphylum)>Multicrustacea(Superclass)>Copepoda(Class),Class,Living,Animalia,Arthropoda,Copepoda,,,,,urn:lsid:marinespecies.org:taxname:1080,"Milne Edwards, H. (1840). Ordre des Copépodes.  [Order Copepoda]. <em>Histoire naturelle des Crustaces, comprenant l'anatomie, la physiologie et la classification de ces animaux. [In: Natural history of Crustacea, including the anatomy, physiology and classification of these animals]].</em> 3: 411-529.",WoRMS(2025).Copepoda.Accessedat:https://www.marinespecies.org/aphia.php?p=taxdetails&id=1080on2025-06-27
Nematoda,Animalia(Kingdom)>Nematoda(Phylum),Phylum,Living,Animalia,Nematoda,,,,,,urn:lsid:marinespecies.org:taxname:799,"Margulis, L.; Schwartz, K.V. (1998). Five Kingdoms: an illustrated guide to the Phyla of life on earth. 3rd edition. Freeman: New York, NY (USA). ISBN 0-7167-3027-8. xx, 520 pp.",Nemyseds.(2025).Nemys:WorldDatabaseofNematodes.Nematoda.Accessedthrough:WorldRegisterofMarineSpeciesat:https://www.marinespecies.org/aphia.php?p=taxdetails&id=799on2025-06-27
Nitzschia,Chromista(Kingdom)>Heterokontophyta(Phylum)>Bacillariophytina(Subphylum)>Bacillariophyceae(Class)>Bacillariophycidae(Subclass)>Bacillariophycanae(Superorder)>Bacillariales(Order)>Bacillariaceae(Family)>Nitzschia(Genus)>Nitzschia actinastroides(Species),Species,Living,Chromista,Heterokontophyta,Bacillariophyceae,Bacillariales,Bacillariaceae,Nitzschia,,urn:lsid:marinespecies.org:taxname:175440,"Lemmermann, E. (1900). Beiträge zur Kenntnis der Planktonalgen. IX.  Lagerheimia marssonii nov. spec., Centratractus belonophora (Schmidle) nov. gen. et spec., Synedra limnetica nov. spec., Marssoniella elegans nov. gen. et spec. Bericht der Deutschen Botanischen Gessellschaft, 18: 272-275","Kociolek,J.P.;Blanco,S.;Coste,M.;Ector,L.;Liu,Y.;Karthick,B.;Kulikovskiy,M.;Lundholm,N.;Ludwig,T.;Potapova,M.;Rimet,F.;Sabbe,K.;Sala,S.;Sar,E.;Taylor,J.;VandeVijver,B.;Wetzel,C.E.;Williams,D.M.;Witkowski,A.;Witkowski,J.(2025).DiatomBase.Nitzschiaactinastroides(Lemmermann)vanGoor,1925.Accessedthrough:WorldRegisterofMarineSpeciesat:https://www.marinespecies.org/aphia.php?p=taxdetails&id=175440on2025-03-17"
Nostocales,Bacteria(Kingdom)>Negibacteria(Subkingdom)>Cyanobacteria(Phylum)>Cyanophyceae(Class)>Nostocophycidae(Subclass)>Nostocales(Order),Order,Living,Bacteria,Cyanobacteria,Cyanophyceae,Nostocales,,,,urn:lsid:marinespecies.org:taxname:146547,Integrated Taxonomic Information System (ITIS). ,WoRMS(2025).Nostocales.Accessedat:https://www.marinespecies.org/aphia.php?p=taxdetails&id=146547on2025-06-26
Ochromonas sp.<Ochromonas,Chromista(Kingdom)>Harosa(Subkingdom)>Heterokonta(Infrakingdom)>Ochrophyta(Phylum)>Chrysophyceae(Class)>Ochromonadales(Order)>Ochromonadaceae(Family)>Ochromonas(Genus)>Ochromonas allorgei(Species),Species,Living,Chromista,Ochrophyta,Chrysophyceae,Ochromonadales,Ochromonadaceae,Ochromonas,,urn:lsid:marinespecies.org:taxname:610013,"Guiry, M.D. & Guiry, G.M. (2025). AlgaeBase. <em>World-wide electronic publication, National University of Ireland, Galway.</em> searched on YYYY-MM-DD.","Guiry,M.D.&Guiry,G.M.(2025).AlgaeBase.World-wideelectronicpublication,NationalUniversityofIreland,Galway(taxonomicinformationrepublishedfromAlgaeBasewithpermissionofM.D.Guiry).OchromonasallorgeiBourrelly,1957.Accessedthrough:WorldRegisterofMarineSpeciesat:https://www.marinespecies.org/aphia.php?p=taxdetails&id=610013on2025-03-17"
Oscillatoriales,Bacteria(Kingdom)>Negibacteria(Subkingdom)>Cyanobacteria(Phylum)>Cyanophyceae(Class)>Oscillatoriophycidae(Subclass)>Oscillatoriales(Order),Order,Living,Bacteria,Cyanobacteria,Cyanophyceae,Oscillatoriales,,,,urn:lsid:marinespecies.org:taxname:146603,"Guiry, M.D. & Guiry, G.M. (2025). AlgaeBase. <em>World-wide electronic publication, National University of Ireland, Galway.</em> searched on YYYY-MM-DD.",WoRMS(2025).Oscillatoriales.Accessedat:https://www.marinespecies.org/aphia.php?p=taxdetails&id=146603on2025-06-27
Ostracoda,Animalia(Kingdom)>Arthropoda(Phylum)>Crustacea(Subphylum)>Oligostraca(Superclass)>Ostracoda(Class),Class,Living,Animalia,Arthropoda,Ostracoda,,,,,urn:lsid:marinespecies.org:taxname:1078,"Latreille, P.A. (1802). Histoire naturelle, générale et particulière des Crustacés et des Insectes. Familles naturelles des genre. <em>Ouvrage faisant suite à l'Histoire Naturelle générale et particulière, composée par Leclerc de Buffon, et rédigée par C.S. Sonnini, membre de plusieurs Sociétés savantes. de L'imprimerie de F. Dufart, Paris.</em> 2:382 p., XV pls.",WoRMS(2025).Ostracoda.Accessedat:https://www.marinespecies.org/aphia.php?p=taxdetails&id=1078on2025-06-26
Pandorina,Plantae(Kingdom)>Viridiplantae(Subkingdom)>Chlorophyta(Phylum (Division))>Chlorophytina(Subphylum (Subdivision))>Chlorophyceae(Class)>Chlamydomonadales(Order)>Volvocaceae(Family)>Pandorina(Genus)>Pandorina bengalensis(Species),Species,Living,Plantae,,Chlorophyceae,Chlamydomonadales,Volvocaceae,Pandorina,,urn:lsid:marinespecies.org:taxname:613389,"Guiry, M.D. & Guiry, G.M. (2025). AlgaeBase. <em>World-wide electronic publication, National University of Ireland, Galway.</em> searched on YYYY-MM-DD.","Guiry,M.D.&Guiry,G.M.(2025).AlgaeBase.World-wideelectronicpublication,NationalUniversityofIreland,Galway(taxonomicinformationrepublishedfromAlgaeBasewithpermissionofM.D.Guiry).PandorinabengalensisPhilipose,1990.Accessedthrough:WorldRegisterofMarineSpeciesat:https://www.marinespecies.org/aphia.php?p=taxdetails&id=613389on2025-03-17"
Peridinium<Peridiniaceae,Chromista(Kingdom)>Harosa(Subkingdom)>Alveolata(Infrakingdom)>Myzozoa(Phylum)>Dinozoa(Subphylum)>Dinoflagellata(Infraphylum)>Dinophyceae(Class)>Thoracosphaerales(Order)>Thoracosphaeraceae(Family)>Apocalathium(Genus)>Apocalathium aciculiferum(Species),Species,Living,Chromista,Myzozoa,Dinophyceae,Thoracosphaerales,Thoracosphaeraceae,Apocalathium,,urn:lsid:marinespecies.org:taxname:1359179,"Meunier, A. (1919). Microplankton de la Mer Flamande: 3. Les Péridiniens. Mémoires du Musée Royal d'Histoire Naturelle de Belgique = Verhandelingen van het Koninklijk Natuurhistorisch Museum van België, VIII(1). Hayez, imprimeur de l'Académie royale de Belgique: Bruxelles. 111, 7 plates pp.","Guiry,M.D.&Guiry,G.M.(2025).AlgaeBase.World-wideelectronicpublication,NationalUniversityofIreland,Galway(taxonomicinformationrepublishedfromAlgaeBasewithpermissionofM.D.Guiry).Apocalathiumaciculiferum(Lemmermann)Craveiro,Daugbjerg,Moestrup&Calado,2016.Accessedthrough:WorldRegisterofMarineSpeciesat:https://www.marinespecies.org/aphia.php?p=taxdetails&id=1359179on2025-03-17"
Planktosphaeria,Plantae(Kingdom)>Viridiplantae(Subkingdom)>Chlorophyta(Phylum (Division))>Chlorophytina(Subphylum (Subdivision))>Chlorophyceae(Class)>Sphaeropleales(Order)>Radiococcaceae(Family)>Herndonia(Genus)>Herndonia botryoides(Species),Species,Living,Plantae,,Chlorophyceae,Sphaeropleales,Radiococcaceae,Herndonia,,urn:lsid:marinespecies.org:taxname:1649083,"Guiry, M.D. & Guiry, G.M. (2025). AlgaeBase. <em>World-wide electronic publication, National University of Ireland, Galway.</em> searched on YYYY-MM-DD.","Guiry,M.D.&Guiry,G.M.(2024).AlgaeBase.World-wideelectronicpublication,NationalUniversityofIreland,Galway(taxonomicinformationrepublishedfromAlgaeBasewithpermissionofM.D.Guiry).Herndoniabotryoides(Hernon)ShinWatanabe,2020.Accessedthrough:WorldRegisterofMarineSpeciesat:https://www.marinespecies.org/aphia.php?p=taxdetails&id=1649083on2025-03-17"
Planktothrix,Bacteria(Kingdom)>Negibacteria(Subkingdom)>Cyanobacteria(Phylum)>Cyanophyceae(Class)>Oscillatoriophycidae(Subclass)>Oscillatoriales(Order)>Microcoleaceae(Family)>Planktothrix(Genus)>Planktothrix agardhii(Species),Species,Living,Bacteria,Cyanobacteria,Cyanophyceae,Oscillatoriales,Microcoleaceae,Planktothrix,,urn:lsid:marinespecies.org:taxname:146552,"Gomont, M. (1892 (1893)). Monographie des Oscillariées (Nostocacées Homocystées). Deuxième partie. - Lyngbyées. <em>Annales des Sciences Naturelles, Botanique.</em> 7(16): 91-264.","Guiry,M.D.&Guiry,G.M.(2025).AlgaeBase.World-wideelectronicpublication,NationalUniversityofIreland,Galway(taxonomicinformationrepublishedfromAlgaeBasewithpermissionofM.D.Guiry).Planktothrixagardhii(Gomont)Anagnostidis&Komárek,1988.Accessedthrough:WorldRegisterofMarineSpeciesat:https://www.marinespecies.org/aphia.php?p=taxdetails&id=146552on2025-03-17"
Polyarthra,Animalia(Kingdom)>Rotifera(Phylum)>Eurotatoria(Class)>Monogononta(Subclass)>Pseudotrocha(Superorder)>Ploima(Order)>Synchaetidae(Family)>Polyarthra(Genus),Genus,Living,Animalia,Rotifera,Eurotatoria,Ploima,Synchaetidae,Polyarthra,,urn:lsid:marinespecies.org:taxname:134957,"Ehrenberg, C.G. (1834). Dritter Beitrag zur Erkenntniss grosser Organisation in der Richtung des kleinsten Raumes. <em>Abhandlungen der Königlichen Akademie der Wissenschaften zu Berlin.</em> 1833: 145-336, pls I-XIII [1-11].","Segers,H.(Ed.)(2025).WorldRotiferadatabase(FADA).PolyarthraEhrenberg,1834.Accessedthrough:WorldRegisterofMarineSpeciesat:https://www.marinespecies.org/aphia.php?p=taxdetails&id=134957on2025-03-17"
Polychaeta,Animalia(Kingdom)>Annelida(Phylum)>Polychaeta(Class),Class,Living,Animalia,Annelida,Polychaeta,,,,,urn:lsid:marinespecies.org:taxname:883,"Grube, Adolf Eduard. (1850). Die Familien der Anneliden. <em>Archiv für Naturgeschichte, Berlin.</em> 16(1): 249-364.",WoRMS(2025).Polychaeta.Accessedat:https://www.marinespecies.org/aphia.php?p=taxdetails&id=883on2025-06-26
Pseudanabaena,Bacteria(Kingdom)>Negibacteria(Subkingdom)>Cyanobacteria(Phylum)>Cyanophyceae(Class)>Pseudanabaenales(Order)>Pseudanabaenaceae(Family)>Pseudanabaena(Genus)>Pseudanabaena acicularis(Species),Species,Living,Bacteria,Cyanobacteria,Cyanophyceae,Pseudanabaenales,Pseudanabaenaceae,Pseudanabaena,,urn:lsid:marinespecies.org:taxname:577876,"Guiry, M.D. & Guiry, G.M. (2025). AlgaeBase. <em>World-wide electronic publication, National University of Ireland, Galway.</em> searched on YYYY-MM-DD.","Guiry,M.D.&Guiry,G.M.(2025).AlgaeBase.World-wideelectronicpublication,NationalUniversityofIreland,Galway(taxonomicinformationrepublishedfromAlgaeBasewithpermissionofM.D.Guiry).Pseudanabaenaacicularis(Nygaard)Anagnostidis&Komárek,1988.Accessedthrough:WorldRegisterofMarineSpeciesat:https://www.marinespecies.org/aphia.php?p=taxdetails&id=577876on2025-03-17"
Pteropoda,Animalia(Kingdom)>Mollusca(Phylum)>Gastropoda(Class)>Heterobranchia(Subclass)>Euthyneura(Infraclass)>Tectipleura(Subterclass)>Pteropoda(Order),Order,Living,Animalia,Mollusca,Gastropoda,Pteropoda,,,,urn:lsid:marinespecies.org:taxname:325345,"Bouchet P., Rocroi J.P., Hausdorf B., Kaim A., Kano Y., Nützel A., Parkhaev P., Schrödl M. & Strong E.E. (2017). Revised classification, nomenclator and typification of gastropod and monoplacophoran families. <em>Malacologia.</em> 61(1-2): 1-526.",MolluscaBaseeds.(2025).MolluscaBase.Pteropoda.Accessedthrough:WorldRegisterofMarineSpeciesat:https://www.marinespecies.org/aphia.php?p=taxdetails&id=325345on2025-06-26
Raphidiopsis,Bacteria(Kingdom)>Negibacteria(Subkingdom)>Cyanobacteria(Phylum)>Cyanophyceae(Class)>Nostocophycidae(Subclass)>Nostocales(Order)>Aphanizomenonaceae(Family)>Raphidiopsis(Genus),Genus,Living,Bacteria,Cyanobacteria,Cyanophyceae,Nostocales,Aphanizomenonaceae,Raphidiopsis,,urn:lsid:marinespecies.org:taxname:600861,"Guiry, M.D. & Guiry, G.M. (2025). AlgaeBase. <em>World-wide electronic publication, National University of Ireland, Galway.</em> searched on YYYY-MM-DD.","Guiry,M.D.&Guiry,G.M.(2025).AlgaeBase.World-wideelectronicpublication,NationalUniversityofIreland,Galway(taxonomicinformationrepublishedfromAlgaeBasewithpermissionofM.D.Guiry).RaphidiopsisF.E.Fritsch&M.F.Rich,1929.Accessedthrough:WorldRegisterofMarineSpeciesat:https://www.marinespecies.org/aphia.php?p=taxdetails&id=600861on2025-06-26"
Romeria,Bacteria(Kingdom)>Negibacteria(Subkingdom)>Cyanobacteria(Phylum)>Cyanophyceae(Class)>Nodosilineales(Order)>Cymatolegaceae(Family)>Romeria(Genus),Genus,Living,Bacteria,Cyanobacteria,Cyanophyceae,Nodosilineales,Cymatolegaceae,Romeria,,urn:lsid:marinespecies.org:taxname:177595,"Hällfors, G. (2004). Checklist of Baltic Sea Phytoplankton Species (including some heterotrophic protistan groups). <em>Baltic Sea Environment Proceedings.</em> No. 95: 210 pp.","Guiry,M.D.&Guiry,G.M.(2025).AlgaeBase.World-wideelectronicpublication,NationalUniversityofIreland,Galway(taxonomicinformationrepublishedfromAlgaeBasewithpermissionofM.D.Guiry).RomeriaM.Koczwara,1932.Accessedthrough:WorldRegisterofMarineSpeciesat:https://www.marinespecies.org/aphia.php?p=taxdetails&id=177595on2025-06-26"
Rotifera,Animalia(Kingdom)>Rotifera(Phylum),Phylum,Living,Animalia,Rotifera,,,,,,urn:lsid:marinespecies.org:taxname:14260,"Ehrenberg, C.G. (1832). Über die Entwickelung und Lebensdauer der Infusionsthiere; nebst ferneren Beiträgen zu einer Vergleichung ihrer organischen Systeme. <em>Abhandlungen der Königlichen Akademie Wissenschaften zu Berlin, Physikalische Klasse.</em> 1831: 1-154.",WoRMS(2025).Rotifera.Accessedat:https://www.marinespecies.org/aphia.php?p=taxdetails&id=14260on2025-06-27
Scenedesmus,Plantae(Kingdom)>Viridiplantae(Subkingdom)>Chlorophyta(Phylum (Division))>Chlorophytina(Subphylum (Subdivision))>Chlorophyceae(Class)>Sphaeropleales(Order)>Scenedesmaceae(Family)>Desmodesmoideae(Subfamily)>Desmodesmus(Genus)>Desmodesmus abundans(Species),Species,Living,Plantae,,Chlorophyceae,Sphaeropleales,Scenedesmaceae,Desmodesmus,,urn:lsid:marinespecies.org:taxname:612498,"Guiry, M.D. & Guiry, G.M. (2025). AlgaeBase. <em>World-wide electronic publication, National University of Ireland, Galway.</em> searched on YYYY-MM-DD.","Guiry,M.D.&Guiry,G.M.(2025).AlgaeBase.World-wideelectronicpublication,NationalUniversityofIreland,Galway(taxonomicinformationrepublishedfromAlgaeBasewithpermissionofM.D.Guiry).Desmodesmusabundans(Kirchner)E.H.Hegewald,2000.Accessedthrough:WorldRegisterofMarineSpeciesat:https://www.marinespecies.org/aphia.php?p=taxdetails&id=612498on2025-03-17"
Schroederia,Plantae(Kingdom)>Viridiplantae(Subkingdom)>Chlorophyta(Phylum (Division))>Chlorophytina(Subphylum (Subdivision))>Chlorophyceae(Class)>Sphaeropleales(Order)>Schroederiaceae(Family)>Schroederia(Genus),Genus,Living,Plantae,,Chlorophyceae,Sphaeropleales,Schroederiaceae,Schroederia,,urn:lsid:marinespecies.org:taxname:248164,"Guiry, M.D. & Guiry, G.M. (2025). AlgaeBase. <em>World-wide electronic publication, National University of Ireland, Galway.</em> searched on YYYY-MM-DD.","Guiry,M.D.&Guiry,G.M.(2025).AlgaeBase.World-wideelectronicpublication,NationalUniversityofIreland,Galway(taxonomicinformationrepublishedfromAlgaeBasewithpermissionofM.D.Guiry).SchroederiaLemmermann,1898.Accessedthrough:WorldRegisterofMarineSpeciesat:https://www.marinespecies.org/aphia.php?p=taxdetails&id=248164on2025-06-26"
Scourfieldia,Plantae(Kingdom)>Viridiplantae(Subkingdom)>Chlorophyta(Phylum (Division))>Chlorophytina(Subphylum (Subdivision))>Pedinophyceae(Class)>Scourfieldiales(Order)>Scourfieldiaceae(Family)>Scourfieldia(Genus),Genus,Living,Plantae,,Pedinophyceae,Scourfieldiales,Scourfieldiaceae,Scourfieldia,,urn:lsid:marinespecies.org:taxname:134535,"Hansson, H. G. (1991-1997). South Scandinavian Marine Protoctista. ","Guiry,M.D.&Guiry,G.M.(2025).AlgaeBase.World-wideelectronicpublication,NationalUniversityofIreland,Galway(taxonomicinformationrepublishedfromAlgaeBasewithpermissionofM.D.Guiry).ScourfieldiaG.S.West,1912.Accessedthrough:WorldRegisterofMarineSpeciesat:https://www.marinespecies.org/aphia.php?p=taxdetails&id=134535on2025-06-26"
Sellaphora,Chromista(Kingdom)>Heterokontophyta(Phylum)>Bacillariophytina(Subphylum)>Bacillariophyceae(Class)>Bacillariophycidae(Subclass)>Bacillariophycanae(Superorder)>Naviculales(Order)>Sellaphoraceae(Family)>Sellaphora(Genus),Genus,Living,Chromista,Heterokontophyta,Bacillariophyceae,Naviculales,Sellaphoraceae,Sellaphora,,urn:lsid:marinespecies.org:taxname:157078,"Mereschkowsky, C. (1902). On Sellaphora, a new genus of Diatoms. <em>Annals and Magazine of Natural History, series 7,.</em> 9: 185-195, pl. IV.","Kociolek,J.P.;Blanco,S.;Coste,M.;Ector,L.;Liu,Y.;Karthick,B.;Kulikovskiy,M.;Lundholm,N.;Ludwig,T.;Potapova,M.;Rimet,F.;Sabbe,K.;Sala,S.;Sar,E.;Taylor,J.;VandeVijver,B.;Wetzel,C.E.;Williams,D.M.;Witkowski,A.;Witkowski,J.(2025).DiatomBase.SellaphoraC.Mereschkowsky,1902.Accessedthrough:WorldRegisterofMarineSpeciesat:https://www.marinespecies.org/aphia.php?p=taxdetails&id=157078on2025-06-26"
Sphaerocystis,Plantae(Kingdom)>Viridiplantae(Subkingdom)>Chlorophyta(Phylum (Division))>Chlorophytina(Subphylum (Subdivision))>Chlorophyceae(Class)>Sphaeropleales(Order)>Radiococcaceae(Family)>Radiococcus(Genus)>Radiococcus bavaricus(Species),Species,Living,Plantae,,Chlorophyceae,Sphaeropleales,Radiococcaceae,Radiococcus,,urn:lsid:marinespecies.org:taxname:839845,"Guiry, M.D. & Guiry, G.M. (2025). AlgaeBase. <em>World-wide electronic publication, National University of Ireland, Galway.</em> searched on YYYY-MM-DD.","Guiry,M.D.&Guiry,G.M.(2024).AlgaeBase.World-wideelectronicpublication,NationalUniversityofIreland,Galway(taxonomicinformationrepublishedfromAlgaeBasewithpermissionofM.D.Guiry).Radiococcusbavaricus(Skuja)Komárek,1979.Accessedthrough:WorldRegisterofMarineSpeciesat:https://www.marinespecies.org/aphia.php?p=taxdetails&id=839845on2025-03-17"
Spirogyra,Plantae(Kingdom)>Viridiplantae(Subkingdom)>Streptophyta(Infrakingdom)>Charophyta(Phylum (Division))>Zygnematophyceae(Class)>Zygnematophycidae(Subclass)>Spirogyrales(Order)>Spirogyraceae(Family)>Spirogyra(Genus),Genus,Living,Plantae,,Zygnematophyceae,Spirogyrales,Spirogyraceae,Spirogyra,,urn:lsid:marinespecies.org:taxname:577679,"Li WKW, Andersen RA, Gifford DJ, Incze LS, Martin JL, et al. (2011) Planktonic Microbes in the Gulf of Maine Area. PLoS ONE 6(6): e20981. doi:10.1371/
journal.pone.0020981","Guiry,M.D.&Guiry,G.M.(2025).AlgaeBase.World-wideelectronicpublication,NationalUniversityofIreland,Galway(taxonomicinformationrepublishedfromAlgaeBasewithpermissionofM.D.Guiry).SpirogyraLink,1820.Accessedthrough:WorldRegisterofMarineSpeciesat:https://www.marinespecies.org/aphia.php?p=taxdetails&id=577679on2025-03-17"
Staurastrum,Plantae(Kingdom)>Viridiplantae(Subkingdom)>Streptophyta(Infrakingdom)>Charophyta(Phylum (Division))>Zygnematophyceae(Class)>Zygnematophycidae(Subclass)>Desmidiales(Order)>Desmidiaceae(Family)>Staurastrum(Genus)>Staurastrum abruptum(Species),Species,Living,Plantae,,Zygnematophyceae,Desmidiales,Desmidiaceae,Staurastrum,,urn:lsid:marinespecies.org:taxname:628321,"Guiry, M.D. & Guiry, G.M. (2025). AlgaeBase. <em>World-wide electronic publication, National University of Ireland, Galway.</em> searched on YYYY-MM-DD.","Guiry,M.D.&Guiry,G.M.(2025).AlgaeBase.World-wideelectronicpublication,NationalUniversityofIreland,Galway(taxonomicinformationrepublishedfromAlgaeBasewithpermissionofM.D.Guiry).StaurastrumabruptumWest&G.S.West.Accessedthrough:WorldRegisterofMarineSpeciesat:https://www.marinespecies.org/aphia.php?p=taxdetails&id=628321on2025-03-17"
Stephanodiscus,Chromista(Kingdom)>Heterokontophyta(Phylum)>Bacillariophytina(Subphylum)>Bacillariophyceae(Class)>Coscinodiscophycidae(Subclass)>Thalassiosiranae(Superorder)>Thalassiosirales(Order)>Stephanodiscaceae(Family)>Stephanodiscus(Genus),Genus,Living,Chromista,Heterokontophyta,Bacillariophyceae,Thalassiosirales,Stephanodiscaceae,Stephanodiscus,,urn:lsid:marinespecies.org:taxname:149079,"Ehrenberg, C.G. (1845). Neue Untersuchungen über das kleinste Leben als geologisches Moment. Bericht über die zur Bekanntmachung geeigneten Verhandlungen der Königlich-Preussischen Akademie der Wissenschaften zu Berlin, 1845: 53-87","Kociolek,J.P.;Blanco,S.;Coste,M.;Ector,L.;Liu,Y.;Karthick,B.;Kulikovskiy,M.;Lundholm,N.;Ludwig,T.;Potapova,M.;Rimet,F.;Sabbe,K.;Sala,S.;Sar,E.;Taylor,J.;VandeVijver,B.;Wetzel,C.E.;Williams,D.M.;Witkowski,A.;Witkowski,J.(2025).DiatomBase.StephanodiscusC.G.Ehrenberg,1845.Accessedthrough:WorldRegisterofMarineSpeciesat:https://www.marinespecies.org/aphia.php?p=taxdetails&id=149079on2025-03-17"
Synedra,Chromista(Kingdom)>Heterokontophyta(Phylum)>Bacillariophytina(Subphylum)>Bacillariophyceae(Class)>Bacillariophycidae(Subclass)>Bacillariophycanae(Superorder)>Bacillariales(Order)>Bacillariaceae(Family)>Nitzschia(Genus)>Nitzschia holsatica(Species),Species,Living,Chromista,Heterokontophyta,Bacillariophyceae,Bacillariales,Bacillariaceae,Nitzschia,,urn:lsid:marinespecies.org:taxname:175438,"Schmidt, A. (1924). Atlas der Diatomaceen-kunde. Leipzig. O.R. Reisland, Series VIII(Heft 88): pls. 349-352","Kociolek,J.P.;Blanco,S.;Coste,M.;Ector,L.;Liu,Y.;Karthick,B.;Kulikovskiy,M.;Lundholm,N.;Ludwig,T.;Potapova,M.;Rimet,F.;Sabbe,K.;Sala,S.;Sar,E.;Taylor,J.;VandeVijver,B.;Wetzel,C.E.;Williams,D.M.;Witkowski,A.;Witkowski,J.(2025).DiatomBase.NitzschiaholsaticaHustedt,1930.Accessedthrough:WorldRegisterofMarineSpeciesat:https://www.marinespecies.org/aphia.php?p=taxdetails&id=175438on2025-03-17"
Synura,Chromista(Kingdom)>Harosa(Subkingdom)>Heterokonta(Infrakingdom)>Ochrophyta(Phylum)>Chrysophyceae(Class)>Synurales(Order)>Mallomonadaceae(Family)>Synura(Genus)>Synura adamsii(Species),Species,Living,Chromista,Ochrophyta,Chrysophyceae,Synurales,Mallomonadaceae,Synura,,urn:lsid:marinespecies.org:taxname:573989,"Guiry, M.D. & Guiry, G.M. (2025). AlgaeBase. <em>World-wide electronic publication, National University of Ireland, Galway.</em> searched on YYYY-MM-DD.","Guiry,M.D.&Guiry,G.M.(2025).AlgaeBase.World-wideelectronicpublication,NationalUniversityofIreland,Galway(taxonomicinformationrepublishedfromAlgaeBasewithpermissionofM.D.Guiry).SynuraadamsiiG.M.Smith,1924.Accessedthrough:WorldRegisterofMarineSpeciesat:https://www.marinespecies.org/aphia.php?p=taxdetails&id=573989on2025-03-17"
Tabellaria,Chromista(Kingdom)>Heterokontophyta(Phylum)>Bacillariophytina(Subphylum)>Bacillariophyceae(Class)>Fragilariophycidae(Subclass)>Fragilariophycanae(Superorder)>Tabellariales(Order)>Tabellariaceae(Family)>Tabellaria(Genus)>Tabellaria binalis(Species),Species,Living,Chromista,Heterokontophyta,Bacillariophyceae,Tabellariales,Tabellariaceae,Tabellaria,,urn:lsid:marinespecies.org:taxname:176261,"Ehrenberg, C.G. (1854). Mikrogeologie. Einundvierzig Tafeln mit über viertausend grossentheils colorirten Figuren, gezeichnet vom Verfasser. [Atlas]. <em>Leopold Voss, Leipzig.</em> 41 pls.","Kociolek,J.P.;Blanco,S.;Coste,M.;Ector,L.;Liu,Y.;Karthick,B.;Kulikovskiy,M.;Lundholm,N.;Ludwig,T.;Potapova,M.;Rimet,F.;Sabbe,K.;Sala,S.;Sar,E.;Taylor,J.;VandeVijver,B.;Wetzel,C.E.;Williams,D.M.;Witkowski,A.;Witkowski,J.(2025).DiatomBase.Tabellariabinalis(Ehrenberg)Grunow,1881.Accessedthrough:WorldRegisterofMarineSpeciesat:https://www.marinespecies.org/aphia.php?p=taxdetails&id=176261on2025-03-17"
Tabularia,Chromista(Kingdom)>Heterokontophyta(Phylum)>Bacillariophytina(Subphylum)>Bacillariophyceae(Class)>Fragilariophycidae(Subclass)>Fragilariophycanae(Superorder)>Fragilariales(Order)>Fragilariaceae(Family)>Tabularia(Genus),Genus,Living,Chromista,Heterokontophyta,Bacillariophyceae,Fragilariales,Fragilariaceae,Tabularia,,urn:lsid:marinespecies.org:taxname:157059,"Williams, D.M. & Round, F.E. (1986). Revision of the genus Synedra Ehrenb. Diatom Research, 1(2): 313-339","Kociolek,J.P.;Blanco,S.;Coste,M.;Ector,L.;Liu,Y.;Karthick,B.;Kulikovskiy,M.;Lundholm,N.;Ludwig,T.;Potapova,M.;Rimet,F.;Sabbe,K.;Sala,S.;Sar,E.;Taylor,J.;VandeVijver,B.;Wetzel,C.E.;Williams,D.M.;Witkowski,A.;Witkowski,J.(2025).DiatomBase.Tabularia(F.T.Kutzing)D.M.Williams&F.E.Round,1986.Accessedthrough:WorldRegisterofMarineSpeciesat:https://www.marinespecies.org/aphia.php?p=taxdetails&id=157059on2025-06-26"
Thalassiosira,Chromista(Kingdom)>Heterokontophyta(Phylum)>Bacillariophytina(Subphylum)>Bacillariophyceae(Class)>Coscinodiscophycidae(Subclass)>Thalassiosiranae(Superorder)>Thalassiosirales(Order)>Thalassiosiraceae(Family)>Thalassiosira(Genus)>Thalassiosira bramaputrae(Species),Species,Living,Chromista,Heterokontophyta,Bacillariophyceae,Thalassiosirales,Thalassiosiraceae,Thalassiosira,,urn:lsid:marinespecies.org:taxname:163495,"Ehrenberg, C.G. (1854). Mikrogeologie. Einundvierzig Tafeln mit über viertausend grossentheils colorirten Figuren, gezeichnet vom Verfasser. [Atlas]. <em>Leopold Voss, Leipzig.</em> 41 pls.","Kociolek,J.P.;Blanco,S.;Coste,M.;Ector,L.;Liu,Y.;Karthick,B.;Kulikovskiy,M.;Lundholm,N.;Ludwig,T.;Potapova,M.;Rimet,F.;Sabbe,K.;Sala,S.;Sar,E.;Taylor,J.;VandeVijver,B.;Wetzel,C.E.;Williams,D.M.;Witkowski,A.;Witkowski,J.(2025).DiatomBase.Thalassiosirabramaputrae(Ehrenberg)Håkansson&Locker,1981.Accessedthrough:WorldRegisterofMarineSpeciesat:https://www.marinespecies.org/aphia.php?p=taxdetails&id=163495on2025-03-17"
Tintinnidium,Chromista(Kingdom)>Harosa(Subkingdom)>Alveolata(Infrakingdom)>Ciliophora(Phylum)>Intramacronucleata(Subphylum)>Oligotrichea(Class)>Oligotrichia(Subclass)>Choreotrichida(Order)>Tintinnina(Suborder)>Tintinnidiidae(Family)>Tintinnidium(Genus)>Tintinnidium pusillum(Species),Species,Living,Chromista,Ciliophora,Oligotrichea,Choreotrichida,Tintinnidiidae,Tintinnidium,,urn:lsid:marinespecies.org:taxname:1804433,"Enzt, G.; Jr. (1909). Studien über Organisation und Biologie der Tintinniden. <em>Archiv fûr Protistenkund.</em> 15: 93-226.","WoRMS(2025).TintinnidiumpusillumEntz,jr.1909.Accessedat:https://www.marinespecies.org/aphia.php?p=taxdetails&id=1804433on2025-03-17"
Tintinnopsis lacustris,Chromista(Kingdom)>Harosa(Subkingdom)>Alveolata(Infrakingdom)>Ciliophora(Phylum)>Intramacronucleata(Subphylum)>Oligotrichea(Class)>Oligotrichia(Subclass)>Choreotrichida(Order)>Tintinnina(Suborder)>Codonellidae(Family)>Tintinnopsis(Genus),Genus,Living,Chromista,Ciliophora,Oligotrichea,Choreotrichida,Codonellidae,Tintinnopsis,,urn:lsid:marinespecies.org:taxname:163780,"Parker, S.P. (Ed.) (1982). Synopsis and classification of living organisms. McGraw Hill Book Company: New York, NY (USA). ISBN 0-07-079031-0. 1166, 1232 pp.","Xu,K.;Dolan,J.(2025).WorldCiliophoraDatabase.TintinnopsisStein,1867.Accessedthrough:WorldRegisterofMarineSpeciesat:https://www.marinespecies.org/aphia.php?p=taxdetails&id=163780on2025-06-27"
Trachelomonas,Protozoa(Kingdom)>Eozoa(Subkingdom)>Euglenozoa(Infrakingdom)>Euglenozoa(Phylum)>Euglenoida(Subphylum)>Dipilida(Infraphylum)>Euglenophyceae(Class)>Euglenophycidae(Subclass)>Euglenales(Order)>Euglenaceae(Family)>Colacioideae(Subfamily)>Trachelomonas(Genus)>Trachelomonas abrupta(Species),Species,Living,Protozoa,Euglenozoa,Euglenophyceae,Euglenales,Euglenaceae,Trachelomonas,,urn:lsid:marinespecies.org:taxname:163279,"Hayward, P.J. & J.S. Ryland (Eds.). (1990). The marine fauna of the British Isles and North-West Europe: 1. Introduction and protozoans to arthropods. <em>Clarendon Press: Oxford, UK.</em> 627 pp.","Guiry,M.D.&Guiry,G.M.(2025).AlgaeBase.World-wideelectronicpublication,NationalUniversityofIreland,Galway(taxonomicinformationrepublishedfromAlgaeBasewithpermissionofM.D.Guiry).TrachelomonasabruptaSvirenko[Swirenko],1914.Accessedthrough:WorldRegisterofMarineSpeciesat:https://www.marinespecies.org/aphia.php?p=taxdetails&id=163279on2025-03-17"
Trebouxiophyceae<Chlorophyta,Plantae(Kingdom)>Viridiplantae(Subkingdom)>Chlorophyta(Phylum (Division)),Phylum(Division),Living,Plantae,,,,,,,urn:lsid:marinespecies.org:taxname:801,"Margulis, L.; Schwartz, K.V. (1998). Five Kingdoms: an illustrated guide to the Phyla of life on earth. 3rd edition. Freeman: New York, NY (USA). ISBN 0-7167-3027-8. xx, 520 pp.",WoRMS(2025).Chlorophyta.Accessedat:https://www.marinespecies.org/aphia.php?p=taxdetails&id=801on2025-06-26
Tribonema,Chromista(Kingdom)>Harosa(Subkingdom)>Heterokonta(Infrakingdom)>Ochrophyta(Phylum)>Xanthophyceae(Class)>Tribonematales(Order)>Tribonemataceae(Family)>Tribonema(Genus)>Tribonema ambiguum(Species),Species,Living,Chromista,Ochrophyta,Xanthophyceae,Tribonematales,Tribonemataceae,Tribonema,,urn:lsid:marinespecies.org:taxname:625497,"Skuja, H. (1948). Taxonomie des Phytoplanktons einiger Seen in Uppland, Schweden. <em>Symbolae Botanicae Upsalienses.</em> 9(3): 1-399.","Guiry,M.D.&Guiry,G.M.(2025).AlgaeBase.World-wideelectronicpublication,NationalUniversityofIreland,Galway(taxonomicinformationrepublishedfromAlgaeBasewithpermissionofM.D.Guiry).TribonemaambiguumSkuja,1948.Accessedthrough:WorldRegisterofMarineSpeciesat:https://www.marinespecies.org/aphia.php?p=taxdetails&id=625497on2025-03-17"
Ulnaria,Chromista(Kingdom)>Heterokontophyta(Phylum)>Bacillariophytina(Subphylum)>Bacillariophyceae(Class)>Fragilariophycidae(Subclass)>Fragilariophycanae(Superorder)>Fragilariales(Order)>Fragilariaceae(Family)>Ulnaria(Genus)>Ulnaria acus(Species),Species,Living,Chromista,Heterokontophyta,Bacillariophyceae,Fragilariales,Fragilariaceae,Ulnaria,,urn:lsid:marinespecies.org:taxname:418636,"Kützing, F.T. (1844). Die Kieselschaligen.  Bacillarien oder Diatomeen. <em>Nordhausen.</em> 152 pp., 30 pls.","Kociolek,J.P.;Blanco,S.;Coste,M.;Ector,L.;Liu,Y.;Karthick,B.;Kulikovskiy,M.;Lundholm,N.;Ludwig,T.;Potapova,M.;Rimet,F.;Sabbe,K.;Sala,S.;Sar,E.;Taylor,J.;VandeVijver,B.;Wetzel,C.E.;Williams,D.M.;Witkowski,A.;Witkowski,J.(2025).DiatomBase.Ulnariaacus(Kützing)M.Aboal,2003.Accessedthrough:WorldRegisterofMarineSpeciesat:https://www.marinespecies.org/aphia.php?p=taxdetails&id=418636on2025-03-17"
Uroglena,Chromista(Kingdom)>Harosa(Subkingdom)>Heterokonta(Infrakingdom)>Ochrophyta(Phylum)>Chrysophyceae(Class)>Ochromonadales(Order)>Ochromonadaceae(Family)>Uroglenopsis(Genus)>Uroglenopsis americana(Species),Species,Living,Chromista,Ochrophyta,Chrysophyceae,Ochromonadales,Ochromonadaceae,Uroglenopsis,,urn:lsid:marinespecies.org:taxname:555951,"Guiry, M.D. & Guiry, G.M. (2025). AlgaeBase. <em>World-wide electronic publication, National University of Ireland, Galway.</em> searched on YYYY-MM-DD.","Guiry,M.D.&Guiry,G.M.(2025).AlgaeBase.World-wideelectronicpublication,NationalUniversityofIreland,Galway(taxonomicinformationrepublishedfromAlgaeBasewithpermissionofM.D.Guiry).Uroglenopsisamericana(G.N.Calkins)Lemmermann,1899.Accessedthrough:WorldRegisterofMarineSpeciesat:https://www.marinespecies.org/aphia.php?p=taxdetails&id=555951on2025-03-17"
Viridiplantae,Plantae(Kingdom)>Viridiplantae(Subkingdom),Subkingdom,Living,Plantae,,,,,,,urn:lsid:marinespecies.org:taxname:368663,"Ruggiero, M. A.; Gordon, D. P.; Orrell, T. M.; Bailly, N.; Bourgoin, T.; Brusca, R. C.; Cavalier-Smith, T.; Guiry, M. D.; Kirk, P. M. (2015). Correction: A Higher Level Classification of All Living Organisms. <em>PLoS ONE.</em> 10(4): e0119248.",WoRMS(2025).Viridiplantae.Accessedat:https://www.marinespecies.org/aphia.php?p=taxdetails&id=368663on2025-06-26
Vorticella,Chromista(Kingdom)>Harosa(Subkingdom)>Alveolata(Infrakingdom)>Ciliophora(Phylum)>Intramacronucleata(Subphylum)>Ventrata(Infraphylum)>Oligohymenophorea(Class)>Peritrichia(Subclass)>Sessilida(Order)>Vorticellidae(Family)>Vorticella(Genus),Genus,Living,Chromista,Ciliophora,Oligohymenophorea,Sessilida,Vorticellidae,Vorticella,,urn:lsid:marinespecies.org:taxname:163573,"Linnaeus, C. (1767). Systema naturae per regna tria naturae: secundum classes, ordines, genera, species, cum characteribus, differentiis, synonymis, locis. Ed. 12. 1., Regnum Animale. 1 & 2.  [The system of nature through the three kingdoms of nature: according to classes, orders, genera, species, with characters, differences, synonyms, places. Ed. 12. 1., Animal Kingdom. 1 & 2]. <em>Holmiae [Stockholm], Laurentii Salvii.</em> pp. 1-532 [1766] pp. 533-1327 [1767].","Xu,K.;Dolan,J.(2025).WorldCiliophoraDatabase.VorticellaLinnaeus,1767.Accessedthrough:WorldRegisterofMarineSpeciesat:https://www.marinespecies.org/aphia.php?p=taxdetails&id=163573on2025-06-26"
Woronichinia,Bacteria(Kingdom)>Negibacteria(Subkingdom)>Cyanobacteria(Phylum)>Cyanophyceae(Class)>Synechococcophycidae(Subclass)>Synechococcales(Order)>Coelosphaeriaceae(Family)>Woronichinia(Genus),Genus,Living,Bacteria,Cyanobacteria,Cyanophyceae,Synechococcales,Coelosphaeriaceae,Woronichinia,,urn:lsid:marinespecies.org:taxname:146617,"Guiry, M.D. & Guiry, G.M. (2025). AlgaeBase. <em>World-wide electronic publication, National University of Ireland, Galway.</em> searched on YYYY-MM-DD.","Guiry,M.D.&Guiry,G.M.(2025).AlgaeBase.World-wideelectronicpublication,NationalUniversityofIreland,Galway(taxonomicinformationrepublishedfromAlgaeBasewithpermissionofM.D.Guiry).WoronichiniaElenkin,1933.Accessedthrough:WorldRegisterofMarineSpeciesat:https://www.marinespecies.org/aphia.php?p=taxdetails&id=146617on2025-06-26"
Xanthonema,Chromista(Kingdom)>Harosa(Subkingdom)>Heterokonta(Infrakingdom)>Ochrophyta(Phylum)>Xanthophyceae(Class)>Tribonematales(Order)>Tribonemataceae(Family)>Xanthonema(Genus)>Xanthonema antarcticum(Species),Species,Living,Chromista,Ochrophyta,Xanthophyceae,Tribonematales,Tribonemataceae,Xanthonema,,urn:lsid:marinespecies.org:taxname:614081,"Guiry, M.D. & Guiry, G.M. (2025). AlgaeBase. <em>World-wide electronic publication, National University of Ireland, Galway.</em> searched on YYYY-MM-DD.","Guiry,M.D.&Guiry,G.M.(2024).AlgaeBase.World-wideelectronicpublication,NationalUniversityofIreland,Galway(taxonomicinformationrepublishedfromAlgaeBasewithpermissionofM.D.Guiry).Xanthonemaantarcticum(Broady)Ettl&Gärtner,1995.Accessedthrough:WorldRegisterofMarineSpeciesat:https://www.marinespecies.org/aphia.php?p=taxdetails&id=614081on2025-03-17"
Xanthophyceae,Chromista(Kingdom)>Harosa(Subkingdom)>Heterokonta(Infrakingdom)>Ochrophyta(Phylum)>Xanthophyceae(Class),Class,Living,Chromista,Ochrophyta,Xanthophyceae,,,,,urn:lsid:marinespecies.org:taxname:17793,"Guiry, M.D. (2001). Macroalgae of Rhodophycota, Phaeophycota, Chlorophycota, and two genera of Xanthophycota, <B><I>in</I></B>: Costello, M.J. <i>et al.</i> (Ed.) (2001). <i>European register of marine species: a check-list of the marine species in Europe and a bibliography of guides to their identification. Collection Patrimoines Naturels,</i> 50: pp. 20-38","Guiry,M.D.&Guiry,G.M.(2025).AlgaeBase.World-wideelectronicpublication,NationalUniversityofIreland,Galway(taxonomicinformationrepublishedfromAlgaeBasewithpermissionofM.D.Guiry).Xanthophyceae.Accessedthrough:WorldRegisterofMarineSpeciesat:https://www.marinespecies.org/aphia.php?p=taxdetails&id=17793on2025-06-26"
Zygnema,Plantae(Kingdom)>Viridiplantae(Subkingdom)>Streptophyta(Infrakingdom)>Charophyta(Phylum (Division))>Zygnematophyceae(Class)>Zygnematophycidae(Subclass)>Zygnematales(Order)>Zygnemataceae(Family)>Zygnema(Genus),Genus,Living,Plantae,,Zygnematophyceae,Zygnematales,Zygnemataceae,Zygnema,,urn:lsid:marinespecies.org:taxname:578376,"Guiry, M.D. & Guiry, G.M. (2025). AlgaeBase. <em>World-wide electronic publication, National University of Ireland, Galway.</em> searched on YYYY-MM-DD.","Guiry,M.D.&Guiry,G.M.(2025).AlgaeBase.World-wideelectronicpublication,NationalUniversityofIreland,Galway(taxonomicinformationrepublishedfromAlgaeBasewithpermissionofM.D.Guiry).ZygnemaC.Agardh,1817.Accessedthrough:WorldRegisterofMarineSpeciesat:https://www.marinespecies.org/aphia.php?p=taxdetails&id=578376on2025-06-26"
Zygnematophyceae,Plantae(Kingdom)>Viridiplantae(Subkingdom)>Streptophyta(Infrakingdom)>Charophyta(Phylum (Division))>Zygnematophyceae(Class)>Zygnematophycidae(Subclass),Subclass,Living,Plantae,,Zygnematophyceae,,,,,urn:lsid:marinespecies.org:taxname:1634604,"Guiry, M.D. & Guiry, G.M. (2025). AlgaeBase. <em>World-wide electronic publication, National University of Ireland, Galway.</em> searched on YYYY-MM-DD.",WoRMS(2025).Zygnematophycidae.Accessedat:https://www.marinespecies.org/aphia.php?p=taxdetails&id=1634604on2025-06-27
asterionella-chytrid,Chromista(Kingdom)>Heterokontophyta(Phylum)>Bacillariophytina(Subphylum)>Bacillariophyceae(Class)>Fragilariophycidae(Subclass)>Fragilariophycanae(Superorder)>Fragilariales(Order)>Fragilariaceae(Family)>Asterionella(Genus),Genus,Living,Chromista,Heterokontophyta,Bacillariophyceae,Fragilariales,Fragilariaceae,Asterionella,,urn:lsid:marinespecies.org:taxname:148953,"Hassall, A.H. (1850). The Diatomaceae in the Water Supplied to the inhabitants of London and the suburban districts.  A microscopic Examination of the water. London, 60 pp., 6 pls","Kociolek,J.P.;Blanco,S.;Coste,M.;Ector,L.;Liu,Y.;Karthick,B.;Kulikovskiy,M.;Lundholm,N.;Ludwig,T.;Potapova,M.;Rimet,F.;Sabbe,K.;Sala,S.;Sar,E.;Taylor,J.;VandeVijver,B.;Wetzel,C.E.;Williams,D.M.;Witkowski,A.;Witkowski,J.(2025).DiatomBase.AsterionellaA.H.Hassall,1850.Accessedthrough:WorldRegisterofMarineSpeciesat:https://www.marinespecies.org/aphia.php?p=taxdetails&id=148953on2025-06-27"
ciliate-oval,Chromista(Kingdom)>Harosa(Subkingdom)>Alveolata(Infrakingdom)>Ciliophora(Phylum),Phylum,Living,Chromista,Ciliophora,,,,,,urn:lsid:marinespecies.org:taxname:11,"Margulis, L.; Schwartz, K.V. (1998). Five Kingdoms: an illustrated guide to the Phyla of life on earth. 3rd edition. Freeman: New York, NY (USA). ISBN 0-7167-3027-8. xx, 520 pp.",WoRMS(2025).Ciliophora.Accessedat:https://www.marinespecies.org/aphia.php?p=taxdetails&id=11on2025-06-27
ciliate-tintinnids,Chromista(Kingdom)>Harosa(Subkingdom)>Alveolata(Infrakingdom)>Ciliophora(Phylum)>Intramacronucleata(Subphylum)>Oligotrichea(Class)>Oligotrichia(Subclass)>Choreotrichida(Order)>Tintinnina(Suborder)>Tintinnidae(Family),Family,Living,Chromista,Ciliophora,Oligotrichea,Choreotrichida,Tintinnidae,,,urn:lsid:marinespecies.org:taxname:183533,,"Xu,K.;Dolan,J.(2025).WorldCiliophoraDatabase.TintinnidaeClaparède&Lachmann,1858.Accessedthrough:WorldRegisterofMarineSpeciesat:https://www.marinespecies.org/aphia.php?p=taxdetails&id=183533on2025-06-27"
copepod,Animalia(Kingdom)>Arthropoda(Phylum)>Crustacea(Subphylum)>Multicrustacea(Superclass)>Copepoda(Class),Class,Living,Animalia,Arthropoda,Copepoda,,,,,urn:lsid:marinespecies.org:taxname:1080,"Milne Edwards, H. (1840). Ordre des Copépodes.  [Order Copepoda]. <em>Histoire naturelle des Crustaces, comprenant l'anatomie, la physiologie et la classification de ces animaux. [In: Natural history of Crustacea, including the anatomy, physiology and classification of these animals]].</em> 3: 411-529.",WoRMS(2025).Copepoda.Accessedat:https://www.marinespecies.org/aphia.php?p=taxdetails&id=1080on2025-06-27
cyanobacteria-like filaments,Bacteria(Kingdom)>Negibacteria(Subkingdom)>Cyanobacteria(Phylum),Phylum,Living,Bacteria,Cyanobacteria,,,,,,urn:lsid:marinespecies.org:taxname:146537,"Margulis, L.; Schwartz, K.V. (1998). Five Kingdoms: an illustrated guide to the Phyla of life on earth. 3rd edition. Freeman: New York, NY (USA). ISBN 0-7167-3027-8. xx, 520 pp.",WoRMS(2025).Cyanobacteria.Accessedat:https://www.marinespecies.org/aphia.php?p=taxdetails&id=146537on2025-06-27
cyst<Dinophyceae,Chromista(Kingdom)>Harosa(Subkingdom)>Alveolata(Infrakingdom)>Myzozoa(Phylum)>Dinozoa(Subphylum)>Dinoflagellata(Infraphylum)>Dinophyceae(Class),Class,Living,Chromista,Myzozoa,Dinophyceae,,,,,urn:lsid:marinespecies.org:taxname:19542,"Parker, S.P. (Ed.) (1982). Synopsis and classification of living organisms. McGraw Hill Book Company: New York, NY (USA). ISBN 0-07-079031-0. 1166, 1232 pp.","Guiry,M.D.&Guiry,G.M.(2025).AlgaeBase.World-wideelectronicpublication,NationalUniversityofIreland,Galway(taxonomicinformationrepublishedfromAlgaeBasewithpermissionofM.D.Guiry).Dinophyceae.Accessedthrough:WorldRegisterofMarineSpeciesat:https://www.marinespecies.org/aphia.php?p=taxdetails&id=19542on2025-06-26"
diatom centric,Chromista(Kingdom)>Heterokontophyta(Phylum)>Bacillariophytina(Subphylum)>Bacillariophyceae(Class),Class,Living,Chromista,Heterokontophyta,Bacillariophyceae,,,,,urn:lsid:marinespecies.org:taxname:148899,"Margulis, L.; Schwartz, K.V. (1982). Five Kingdoms : an illustrated guide to the phyla of life on earth. Second edition. Freeman.","Kociolek,J.P.;Blanco,S.;Coste,M.;Ector,L.;Liu,Y.;Karthick,B.;Kulikovskiy,M.;Lundholm,N.;Ludwig,T.;Potapova,M.;Rimet,F.;Sabbe,K.;Sala,S.;Sar,E.;Taylor,J.;VandeVijver,B.;Wetzel,C.E.;Williams,D.M.;Witkowski,A.;Witkowski,J.(2025).DiatomBase.Bacillariophyceae.Accessedthrough:WorldRegisterofMarineSpeciesat:https://www.marinespecies.org/aphia.php?p=taxdetails&id=148899on2025-06-27"
diatom-centric,Chromista(Kingdom)>Heterokontophyta(Phylum)>Bacillariophytina(Subphylum)>Bacillariophyceae(Class),Class,Living,Chromista,Heterokontophyta,Bacillariophyceae,,,,,urn:lsid:marinespecies.org:taxname:148899,"Margulis, L.; Schwartz, K.V. (1982). Five Kingdoms : an illustrated guide to the phyla of life on earth. Second edition. Freeman.","Kociolek,J.P.;Blanco,S.;Coste,M.;Ector,L.;Liu,Y.;Karthick,B.;Kulikovskiy,M.;Lundholm,N.;Ludwig,T.;Potapova,M.;Rimet,F.;Sabbe,K.;Sala,S.;Sar,E.;Taylor,J.;VandeVijver,B.;Wetzel,C.E.;Williams,D.M.;Witkowski,A.;Witkowski,J.(2025).DiatomBase.Bacillariophyceae.Accessedthrough:WorldRegisterofMarineSpeciesat:https://www.marinespecies.org/aphia.php?p=taxdetails&id=148899on2025-06-27"
diatom-centric-chain,Chromista(Kingdom)>Heterokontophyta(Phylum)>Bacillariophytina(Subphylum)>Bacillariophyceae(Class),Class,Living,Chromista,Heterokontophyta,Bacillariophyceae,,,,,urn:lsid:marinespecies.org:taxname:148899,"Margulis, L.; Schwartz, K.V. (1982). Five Kingdoms : an illustrated guide to the phyla of life on earth. Second edition. Freeman.","Kociolek,J.P.;Blanco,S.;Coste,M.;Ector,L.;Liu,Y.;Karthick,B.;Kulikovskiy,M.;Lundholm,N.;Ludwig,T.;Potapova,M.;Rimet,F.;Sabbe,K.;Sala,S.;Sar,E.;Taylor,J.;VandeVijver,B.;Wetzel,C.E.;Williams,D.M.;Witkowski,A.;Witkowski,J.(2025).DiatomBase.Bacillariophyceae.Accessedthrough:WorldRegisterofMarineSpeciesat:https://www.marinespecies.org/aphia.php?p=taxdetails&id=148899on2025-06-27"
diatom-pennate,Chromista(Kingdom)>Heterokontophyta(Phylum)>Bacillariophytina(Subphylum)>Bacillariophyceae(Class),Class,Living,Chromista,Heterokontophyta,Bacillariophyceae,,,,,urn:lsid:marinespecies.org:taxname:148899,"Margulis, L.; Schwartz, K.V. (1982). Five Kingdoms : an illustrated guide to the phyla of life on earth. Second edition. Freeman.","Kociolek,J.P.;Blanco,S.;Coste,M.;Ector,L.;Liu,Y.;Karthick,B.;Kulikovskiy,M.;Lundholm,N.;Ludwig,T.;Potapova,M.;Rimet,F.;Sabbe,K.;Sala,S.;Sar,E.;Taylor,J.;VandeVijver,B.;Wetzel,C.E.;Williams,D.M.;Witkowski,A.;Witkowski,J.(2025).DiatomBase.Bacillariophyceae.Accessedthrough:WorldRegisterofMarineSpeciesat:https://www.marinespecies.org/aphia.php?p=taxdetails&id=148899on2025-06-27"
diatoma-chytrid,Chromista(Kingdom)>Heterokontophyta(Phylum)>Bacillariophytina(Subphylum)>Bacillariophyceae(Class)>Fragilariophycidae(Subclass)>Fragilariophycanae(Superorder)>Fragilariales(Order)>Fragilariaceae(Family)>Diatoma(Genus),Genus,Living,Chromista,Heterokontophyta,Bacillariophyceae,Fragilariales,Fragilariaceae,Diatoma,,urn:lsid:marinespecies.org:taxname:149013,"Bory de Saint-Vincent, J.B.M. & coll.  (1822-1831). Dictionnaire Classique d'Histoire Naturelle. Paris. Rey & Gravier, libraires-éditeurs; Baudouin Frères, libraires-éditeurs., vol. 1 to 17","Kociolek,J.P.;Blanco,S.;Coste,M.;Ector,L.;Liu,Y.;Karthick,B.;Kulikovskiy,M.;Lundholm,N.;Ludwig,T.;Potapova,M.;Rimet,F.;Sabbe,K.;Sala,S.;Sar,E.;Taylor,J.;VandeVijver,B.;Wetzel,C.E.;Williams,D.M.;Witkowski,A.;Witkowski,J.(2025).DiatomBase.DiatomaJ.B.M.BorydeSaint-Vincent,1824.Accessedthrough:WorldRegisterofMarineSpeciesat:https://www.marinespecies.org/aphia.php?p=taxdetails&id=149013on2025-06-27"
fiber<plastic,,,,,,,,,,,,,
nauplii<Copepoda,Animalia(Kingdom)>Arthropoda(Phylum)>Crustacea(Subphylum)>Multicrustacea(Superclass)>Copepoda(Class),Class,Living,Animalia,Arthropoda,Copepoda,,,,,urn:lsid:marinespecies.org:taxname:1080,"Milne Edwards, H. (1840). Ordre des Copépodes.  [Order Copepoda]. <em>Histoire naturelle des Crustaces, comprenant l'anatomie, la physiologie et la classification de ces animaux. [In: Natural history of Crustacea, including the anatomy, physiology and classification of these animals]].</em> 3: 411-529.",WoRMS(2025).Copepoda.Accessedat:https://www.marinespecies.org/aphia.php?p=taxdetails&id=1080on2025-06-26
other particles,,,,,,,,,,,,,
part<other,,,,,,,,,,,,,
snowella-woronichinia,Bacteria(Kingdom)>Negibacteria(Subkingdom)>Cyanobacteria(Phylum)>Cyanophyceae(Class)>Oscillatoriophycidae(Subclass)>Chroococcales(Order)>Microcystaceae(Family)>Snowella(Genus),Genus,Living,Bacteria,Cyanobacteria,Cyanophyceae,Chroococcales,Microcystaceae,Snowella,,urn:lsid:marinespecies.org:taxname:146644,"Guiry, M.D. & Guiry, G.M. (2025). AlgaeBase. <em>World-wide electronic publication, National University of Ireland, Galway.</em> searched on YYYY-MM-DD.","Guiry,M.D.&Guiry,G.M.(2025).AlgaeBase.World-wideelectronicpublication,NationalUniversityofIreland,Galway(taxonomicinformationrepublishedfromAlgaeBasewithpermissionofM.D.Guiry).SnowellaElenkin,1938.Accessedthrough:WorldRegisterofMarineSpeciesat:https://www.marinespecies.org/aphia.php?p=taxdetails&id=146644on2025-06-27"
synedra-chytrid,Chromista(Kingdom)>Heterokontophyta(Phylum)>Bacillariophytina(Subphylum)>Bacillariophyceae(Class)>Fragilariophycidae(Subclass)>Fragilariophycanae(Superorder)>Fragilariales(Order)>Fragilariaceae(Family)>Synedra(Genus),Genus,Living,Chromista,Heterokontophyta,Bacillariophyceae,Fragilariales,Fragilariaceae,Synedra,,urn:lsid:marinespecies.org:taxname:149186,"Ehrenberg, C.G. (1830). Organisation, Systematik, und geographisches Verhältnis der Infusionstierchen. <em>Druckerei dei Koningliche Akademie der Wissenschaften.</em> t. I–VIII, F. Dümmler, Berlin, 108 pp.","Kociolek,J.P.;Blanco,S.;Coste,M.;Ector,L.;Liu,Y.;Karthick,B.;Kulikovskiy,M.;Lundholm,N.;Ludwig,T.;Potapova,M.;Rimet,F.;Sabbe,K.;Sala,S.;Sar,E.;Taylor,J.;VandeVijver,B.;Wetzel,C.E.;Williams,D.M.;Witkowski,A.;Witkowski,J.(2025).DiatomBase.SynedraC.G.Ehrenberg,1830.Accessedthrough:WorldRegisterofMarineSpeciesat:https://www.marinespecies.org/aphia.php?p=taxdetails&id=149186on2025-06-27"
t010,,,,,,,,,,,,,
t011,,,,,,,,,,,,,
ulnaria-chytrid,Chromista(Kingdom)>Heterokontophyta(Phylum)>Bacillariophytina(Subphylum)>Bacillariophyceae(Class)>Fragilariophycidae(Subclass)>Fragilariophycanae(Superorder)>Fragilariales(Order)>Fragilariaceae(Family)>Ulnaria(Genus),Genus,Living,Chromista,Heterokontophyta,Bacillariophyceae,Fragilariales,Fragilariaceae,Ulnaria,,urn:lsid:marinespecies.org:taxname:416120,"Kützing, F.T. (1844). Die Kieselschaligen.  Bacillarien oder Diatomeen. <em>Nordhausen.</em> 152 pp., 30 pls.","Kociolek,J.P.;Blanco,S.;Coste,M.;Ector,L.;Liu,Y.;Karthick,B.;Kulikovskiy,M.;Lundholm,N.;Ludwig,T.;Potapova,M.;Rimet,F.;Sabbe,K.;Sala,S.;Sar,E.;Taylor,J.;VandeVijver,B.;Wetzel,C.E.;Williams,D.M.;Witkowski,A.;Witkowski,J.(2025).DiatomBase.Ulnaria(Kützing)P.Compère,2001.Accessedthrough:WorldRegisterofMarineSpeciesat:https://www.marinespecies.org/aphia.php?p=taxdetails&id=416120on2025-06-27"
velliger larvae,Animalia(Kingdom)>Mollusca(Phylum)>Bivalvia(Class)>Autobranchia(Subclass)>Heteroconchia(Infraclass)>Euheterodonta(Subterclass)>Imparidentia(Superorder)>Myida(Order)>Dreissenoidea(Superfamily)>Dreissenidae(Family)>Dreisseninae(Subfamily)>Dreissena(Genus),Genus,Living,Animalia,Mollusca,Bivalvia,Myida,Dreissenidae,Dreissena,,urn:lsid:marinespecies.org:taxname:181565,"van Beneden, P.J. (1835). Histoire naturelle et anatomique du <i>Driessena [sic] polymorpha</i>, genre nouveau dans la famille de mylilacées [sic]. <em>Bulletins de l'Académie Royale des Sciences et Belles-lettres de Bruxelles.</em> 2(1): 25-26.","MolluscaBaseeds.(2025).MolluscaBase.DreissenavanBeneden,1835.Accessedthrough:WorldRegisterofMarineSpeciesat:https://www.marinespecies.org/aphia.php?p=taxdetails&id=181565on2025-06-27"
zooplankton,,Kingdom,Living,,,,,,,,urn:lsid:marinespecies.org:taxname:2,"Margulis, L.; Schwartz, K.V. (1998). Five Kingdoms: an illustrated guide to the Phyla of life on earth. 3rd edition. Freeman: New York, NY (USA). ISBN 0-7167-3027-8. xx, 520 pp.",WoRMS(2025).Animalia.Accessedat:https://www.marinespecies.org/aphia.php?p=taxdetails&id=2on2025-06-27
